-- SQLINES DEMO *** ------------------------------------
-- SQLINES DEMO *** esday - August 10, 2021
-- SQLINES DEMO *** 021 for F21
-- SQLINES DEMO *** 022 for F22 - marked all reservations
-- SQLINES DEMO *** irmed, in progress as active
-- SQLINES DEMO *** 2-Nov-2022
-- SQLINES DEMO *** ------------------------------------
use master;
go

if exists (select * from sys.databases where name = 'J10A04_STUDENTNO')
begin
	drop database J10A04_STUDENTNO;
end
go

if not exists (select * from sys.databases where name = 'J10A04_STUDENTNO')
begin
	create database J10A04_STUDENTNO;
end
go

use J10A04_STUDENTNO;
go

DROP TABLE IF EXISTS [HVK_CAT] 
DROP TABLE IF EXISTS [HVK_CAT_SUITE];
DROP TABLE IF EXISTS [HVK_CAT_SUITE_TYPE];
DROP TABLE IF EXISTS [HVK_DAILY_RATE];
DROP TABLE IF EXISTS [HVK_DISCOUNT];
DROP TABLE IF EXISTS [HVK_DOG] ;
DROP TABLE IF EXISTS [HVK_FOOD];
DROP TABLE IF EXISTS [HVK_MEDICATION];
DROP TABLE IF EXISTS [HVK_CUSTOMER];
DROP TABLE IF EXISTS [HVK_PET];
DROP TABLE IF EXISTS [HVK_PET_FOOD];
DROP TABLE IF EXISTS [HVK_PET_RESERVATION];
DROP TABLE IF EXISTS [HVK_PET_RESERVATION_DISCOUNT];
DROP TABLE IF EXISTS [HVK_PET_RESERVATION_SERVICE];
DROP TABLE IF EXISTS [HVK_PET_VACCINATION];
DROP TABLE IF EXISTS [HVK_RESERVATION];
DROP TABLE IF EXISTS [HVK_RESERVATION_DISCOUNT];
DROP TABLE IF EXISTS [HVK_RUN];
DROP TABLE IF EXISTS [HVK_SERVICE];
DROP TABLE IF EXISTS [HVK_VACCINATION];
DROP SEQUENCE IF EXISTS "HVK_FOOD_SEQ";
DROP SEQUENCE IF EXISTS "HVK_MEDICATION_SEQ";
DROP SEQUENCE IF EXISTS "HVK_CUSTOMER_SEQ";
DROP SEQUENCE IF EXISTS "HVK_PET_RES_SEQ";
DROP SEQUENCE IF EXISTS "HVK_PET_SEQ";
DROP SEQUENCE IF EXISTS "HVK_RESERVATION_SEQ";
DROP SEQUENCE IF EXISTS "HVK_RUN_SEQ";
DROP SEQUENCE IF EXISTS "HVK_SERVICE_SEQ";
DROP SEQUENCE IF EXISTS "HVK_VACCINATION_SEQ";

-- SQLINES DEMO *** ------------------------------------
-- SQLINES DEMO ***  HVK_FOOD_SEQ
-- SQLINES DEMO *** ------------------------------------

   CREATE SEQUENCE  [HVK_FOOD_SEQ]  MINVALUE 1 /* MAXVALUE 999999999999999999999999999 */ INCREMENT BY 1 START WITH 16 CACHE 20  NO CYCLE ;
-- SQLINES DEMO *** ------------------------------------
-- SQLINES DEMO ***  HVK_MEDICATION_SEQ
-- SQLINES DEMO *** ------------------------------------

   CREATE SEQUENCE  [HVK_MEDICATION_SEQ]  MINVALUE 1 /* MAXVALUE 999999999999999999999999999 */ INCREMENT BY 1 START WITH 55 CACHE 20  NO CYCLE ;
-- SQLINES DEMO *** ------------------------------------
-- SQLINES DEMO ***  HVK_CUSTOMER_SEQ
-- SQLINES DEMO *** ------------------------------------

   CREATE SEQUENCE  [HVK_CUSTOMER_SEQ]  MINVALUE 1 /* MAXVALUE 999999999999999999999999999 */ INCREMENT BY 1 START WITH 250 CACHE 20  NO CYCLE ;
-- SQLINES DEMO *** ------------------------------------
-- SQLINES DEMO ***  HVK_PET_RES_SEQ
-- SQLINES DEMO *** ------------------------------------

   CREATE SEQUENCE  [HVK_PET_RES_SEQ]  MINVALUE 1 /* MAXVALUE 999999999999999999999999999 */ INCREMENT BY 1 START WITH 2500 CACHE 20  NO CYCLE ;
-- SQLINES DEMO *** ------------------------------------
-- SQLINES DEMO ***  HVK_PET_SEQ
-- SQLINES DEMO *** ------------------------------------

   CREATE SEQUENCE  [HVK_PET_SEQ]  MINVALUE 1 /* MAXVALUE 999999999999999999999999999 */ INCREMENT BY 1 START WITH 100 CACHE 20  NO CYCLE ;
-- SQLINES DEMO *** ------------------------------------
-- SQLINES DEMO ***  HVK_RESERVATION_SEQ
-- SQLINES DEMO *** ------------------------------------

   CREATE SEQUENCE  [HVK_RESERVATION_SEQ]  MINVALUE 1 /* MAXVALUE 999999999999999999999999999 */ INCREMENT BY 1 START WITH 2000 CACHE 20  NO CYCLE ;
-- SQLINES DEMO *** ------------------------------------
-- SQLINES DEMO ***  HVK_RUN_SEQ
-- SQLINES DEMO *** ------------------------------------

   CREATE SEQUENCE  [HVK_RUN_SEQ]  MINVALUE 1 /* MAXVALUE 999999999999999999999999999 */ INCREMENT BY 1 START WITH 40 CACHE 20  NO CYCLE ;
-- SQLINES DEMO *** ------------------------------------
-- SQLINES DEMO ***  HVK_SERVICE_SEQ
-- SQLINES DEMO *** ------------------------------------

   CREATE SEQUENCE  [HVK_SERVICE_SEQ]  MINVALUE 1 /* MAXVALUE 999999999999999999999999999 */ INCREMENT BY 1 START WITH 27 CACHE 20  NO CYCLE ;
-- SQLINES DEMO *** ------------------------------------
-- SQLINES DEMO ***  HVK_VACCINATION_SEQ
-- SQLINES DEMO *** ------------------------------------

   CREATE SEQUENCE  [HVK_VACCINATION_SEQ]  MINVALUE 1 /* MAXVALUE 999999999999999999999999999 */ INCREMENT BY 1 START WITH 7 CACHE 20  NO CYCLE ;

-- SQLINES DEMO *** ------------------------------------
-- SQLINES DEMO *** K_CAT
-- SQLINES DEMO *** ------------------------------------

  -- SQLINES FOR EVALUATION USE ONLY (14 DAYS)
  CREATE TABLE [HVK_CAT] 
   (	[PET_PET_NUMBER] INT NOT NULL /* SQLines: Added for PK */, 
	[CAT_INDOOR_OUTDOOR] CHAR(1)
   )
   ;
-- SQLINES DEMO *** ------------------------------------
-- SQLINES DEMO *** K_CAT_SUITE
-- SQLINES DEMO *** ------------------------------------

  CREATE TABLE [HVK_CAT_SUITE] 
   (	[CAT_SUITE_NUMBER] INT NOT NULL /* SQLines: Added for PK */, 
	[SUITE_STATUS] FLOAT DEFAULT 1 NOT NULL, 
	[CST_CAT_SUITE_TYPE_NUMBER] INT NOT NULL
   )
   ;
-- SQLINES DEMO *** ------------------------------------
-- SQLINES DEMO *** K_CAT_SUITE_TYPE
-- SQLINES DEMO *** ------------------------------------

  CREATE TABLE [HVK_CAT_SUITE_TYPE] 
   (	[CAT_SUITE_TYPE_NUMBER] INT NOT NULL /* SQLines: Added for PK */, 
	[CAT_SUITE_MAXIMUM_OCCUPANCY] SMALLINT DEFAULT 1 NOT NULL, 
	[SUITE_DESCRIPTION] VARCHAR(50) NOT NULL
   )
   ;
-- SQLINES DEMO *** ------------------------------------
-- SQLINES DEMO *** K_DAILY_RATE
-- SQLINES DEMO *** ------------------------------------

  CREATE TABLE [HVK_DAILY_RATE] 
   (	[DAILY_RATE_NUMBER] INT NOT NULL /* SQLines: Added for PK */, 
	[DAILY_RATE] DECIMAL(5,2) NOT NULL, 
	[DAILY_RATE_PET_TYPE] CHAR(1) NOT NULL, 
	[DAILY_RATE_DOG_SIZE] CHAR(1), 
	[DAILY_RATE_NUMBER_OF_CATS] SMALLINT DEFAULT 1, 
	[SERV_SERVICE_NUMBER] INT, 
	[CST_CAT_SUITE_TYPE_NUMBER] INT
   )
   ;
-- SQLINES DEMO *** ------------------------------------
-- SQLINES DEMO *** K_DISCOUNT
-- SQLINES DEMO *** ------------------------------------

  CREATE TABLE [HVK_DISCOUNT] 
   (	[DISCOUNT_NUMBER] INT NOT NULL /* SQLines: Added for PK */, 
	[DISCOUNT_DESCRIPTION] VARCHAR(50) NOT NULL, 
	[DISCOUNT_PERCENTAGE] DECIMAL(3,2) NOT NULL, 
	[DISCOUNT_TYPE] CHAR(1) DEFAULT 'D' NOT NULL
   )
   ;
-- SQLINES DEMO *** ------------------------------------
-- SQLINES DEMO *** K_DOG
-- SQLINES DEMO *** ------------------------------------

  CREATE TABLE [HVK_DOG] 
   (	[PET_PET_NUMBER] INT NOT NULL /* SQLines: Added for PK */, 
	[DOG_SIZE] CHAR(1)
   )
   ;
-- SQLINES DEMO *** ------------------------------------
-- SQLINES DEMO *** K_FOOD
-- SQLINES DEMO *** ------------------------------------

  CREATE TABLE [HVK_FOOD] 
   (	[FOOD_NUMBER] INT NOT NULL /* SQLines: Added for PK */, 
	[FOOD_BRAND] VARCHAR(50) NOT NULL, 
	[FOOD_VARIETY] VARCHAR(100), 
	[FOOD_PET_TYPE] CHAR(1) NOT NULL
   )
   ;

-- SQLINES DEMO *** ------------------------------------
-- SQLINES DEMO *** K_MEDICATION
-- SQLINES DEMO *** ------------------------------------

  CREATE TABLE [HVK_MEDICATION] 
   (	[MEDICATION_NUMBER] INT NOT NULL /* SQLines: Added for PK */, 
	[MEDICATION_NAME] VARCHAR(50) NOT NULL, 
	[MEDICATION_DOSAGE] VARCHAR(50), 
	[MEDICATION_SPECIAL_INSTRUCT] VARCHAR(50), 
	[MEDICATION_END_DATE] DATETIME, 
	[PR_PET_RES_NUMBER] INT NOT NULL
   )
   ;
-- SQLINES DEMO *** ------------------------------------
-- SQLINES DEMO *** K_CUSTOMER
-- SQLINES DEMO *** ------------------------------------

  CREATE TABLE [HVK_CUSTOMER] 
   (	[CUSTOMER_NUMBER] INT NOT NULL /* SQLines: Added for PK */, 
	[CUSTOMER_FIRST_NAME] VARCHAR(25) NOT NULL, 
	[CUSTOMER_LAST_NAME] VARCHAR(25) NOT NULL, 
	[CUSTOMER_STREET] VARCHAR(40), 
	[CUSTOMER_CITY] VARCHAR(25), 
	[CUSTOMER_PROVINCE] CHAR(2) DEFAULT 'QC', 
	[CUSTOMER_POSTAL_CODE] CHAR(6), 
	[CUSTOMER_PHONE] CHAR(10), 
	[CUSTOMER_CELL_PHONE] CHAR(10), 
	[CUSTOMER_EMAIL] VARCHAR(50), 
	[EMERGENCY_CONTACT_FIRST_NAME] VARCHAR(25), 
	[EMERGENCY_CONTACT_LAST_NAME] VARCHAR(25), 
	[EMERGENCY_CONTACT_PHONE] CHAR(10)
   )
   ;
-- SQLINES DEMO *** ------------------------------------
-- SQLINES DEMO *** K_PET
-- SQLINES DEMO *** ------------------------------------

  CREATE TABLE [HVK_PET] 
   (	[PET_NUMBER] INT NOT NULL /* SQLines: Added for PK */, 
	[PET_NAME] VARCHAR(25) NOT NULL, 
	[PET_GENDER] CHAR(1) NOT NULL, 
	[PET_BREED] VARCHAR(50), 
	[PET_BIRTHDATE] DATETIME, 
	[CUST_CUSTOMER_NUMBER] INT NOT NULL, 
	[PET_PICTURE] VARBINARY(max),
        [PET_SPECIAL_NOTES] VARCHAR(200) 
   )
 ;
-- SQLINES DEMO *** ------------------------------------
-- SQLINES DEMO *** K_PET_FOOD
-- SQLINES DEMO *** ------------------------------------

  CREATE TABLE [HVK_PET_FOOD] 
   (	[PET_FOOD_FREQUENCY] FLOAT DEFAULT 1 NOT NULL, 
	[PET_FOOD_QUANTITY] VARCHAR(50), 
	[PR_PET_RES_NUMBER] INT NOT NULL /* SQLines: Added for PK */, 
	[FOOD_FOOD_NUMBER] INT NOT NULL /* SQLines: Added for PK */
   )
   ;
-- SQLINES DEMO *** ------------------------------------
-- SQLINES DEMO *** K_PET_RESERVATION
-- SQLINES DEMO *** ------------------------------------

  CREATE TABLE [HVK_PET_RESERVATION] 
   (	[PET_RES_NUMBER] INT NOT NULL /* SQLines: Added for PK */, 
	[PET_PET_NUMBER] INT NOT NULL, 
	[RES_RESERVATION_NUMBER] INT NOT NULL, 
	[RUN_RUN_NUMBER] INT, 
	[CS_CAT_SUITE_NUMBER] INT, 
	[PR_SHARING_WITH] INT
   )
   ;
-- SQLINES DEMO *** ------------------------------------
-- SQLINES DEMO *** K_PET_RESERVATION_DISCOUNT
-- SQLINES DEMO *** ------------------------------------

  CREATE TABLE [HVK_PET_RESERVATION_DISCOUNT] 
   (	[DISC_DISCOUNT_NUMBER] INT NOT NULL /* SQLines: Added for PK */, 
	[PR_PET_RES_NUMBER] INT NOT NULL /* SQLines: Added for PK */
   )
   ;
-- SQLINES DEMO *** ------------------------------------
-- SQLINES DEMO *** K_PET_RESERVATION_SERVICE
-- SQLINES DEMO *** ------------------------------------

  CREATE TABLE [HVK_PET_RESERVATION_SERVICE] 
   (	[SERVICE_FREQUENCY] SMALLINT, 
	[PR_PET_RES_NUMBER] INT NOT NULL /* SQLines: Added for PK */, 
	[SERV_SERVICE_NUMBER] INT NOT NULL /* SQLines: Added for PK */
   )
   ;
-- SQLINES DEMO *** ------------------------------------
-- SQLINES DEMO *** K_PET_VACCINATION
-- SQLINES DEMO *** ------------------------------------

  CREATE TABLE [HVK_PET_VACCINATION] 
   (
   [VACCINATION_EXPIRY_DATE] DATETIME NOT NULL, 
	[VACC_VACCINATION_NUMBER] INT NOT NULL /* SQLines: Added for PK */, 
	[PET_PET_NUMBER] INT NOT NULL /* SQLines: Added for PK */,
	VACCINATION_CHECKED_STATUS char(1) default 'N' not NULL
   )
   ;

-- SQLINES DEMO *** ------------------------------------
-- SQLINES DEMO *** K_RESERVATION
-- SQLINES DEMO *** ------------------------------------

  CREATE TABLE [HVK_RESERVATION] 
   (	[RESERVATION_NUMBER] INT NOT NULL /* SQLines: Added for PK */, 
	[RESERVATION_START_DATE] DATETIME NOT NULL, 
	[RESERVATION_END_DATE] DATETIME NOT NULL, 
	[RESERVATION_STATUS] SMALLINT DEFAULT 1 NOT NULL
   )
   ;
-- SQLINES DEMO *** ------------------------------------
-- SQLINES DEMO *** K_RESERVATION_DISCOUNT
-- SQLINES DEMO *** ------------------------------------

  CREATE TABLE [HVK_RESERVATION_DISCOUNT] 
   (	[DISC_DISCOUNT_NUMBER] INT NOT NULL /* SQLines: Added for PK */, 
	[RES_RESERVATION_NUMBER] INT NOT NULL /* SQLines: Added for PK */
   )
   ;
-- SQLINES DEMO *** ------------------------------------
-- SQLINES DEMO *** K_RUN
-- SQLINES DEMO *** ------------------------------------

  CREATE TABLE [HVK_RUN] 
   (	[RUN_NUMBER] INT NOT NULL /* SQLines: Added for PK */, 
	[RUN_SIZE] CHAR(1) DEFAULT 'R' NOT NULL, 
	[RUN_COVERED] CHAR(1), 
	[RUN_LOCATION] CHAR(1), 
	[RUN_STATUS] SMALLINT DEFAULT 1
   )
   ;
-- SQLINES DEMO *** ------------------------------------
-- SQLINES DEMO *** K_SERVICE
-- SQLINES DEMO *** ------------------------------------

  CREATE TABLE [HVK_SERVICE] 
   (	[SERVICE_NUMBER] INT NOT NULL /* SQLines: Added for PK */, 
	[SERVICE_DESCRIPTION] VARCHAR(50) NOT NULL
   )
   ;

-- SQLINES DEMO *** ------------------------------------
-- SQLINES DEMO *** K_VACCINATION
-- SQLINES DEMO *** ------------------------------------

  CREATE TABLE [HVK_VACCINATION] 
   (	[VACCINATION_NUMBER] INT NOT NULL, 
	[VACCINATION_PET_TYPE] CHAR(1) NOT NULL, 
	[VACCINATION_NAME] VARCHAR(50) NOT NULL
   )
 ;

-- INSERTING into HVK_CAT
/* SET DEFINE OFF; */
Insert into HVK_CAT (PET_PET_NUMBER,CAT_INDOOR_OUTDOOR) values (4,'T');
Insert into HVK_CAT (PET_PET_NUMBER,CAT_INDOOR_OUTDOOR) values (5,'F');
Insert into HVK_CAT (PET_PET_NUMBER,CAT_INDOOR_OUTDOOR) values (8,'F');
Insert into HVK_CAT (PET_PET_NUMBER,CAT_INDOOR_OUTDOOR) values (36,'T');
Insert into HVK_CAT (PET_PET_NUMBER,CAT_INDOOR_OUTDOOR) values (37,'T');
Insert into HVK_CAT (PET_PET_NUMBER,CAT_INDOOR_OUTDOOR) values (38,'T');
-- INSERTING into HVK_CAT_SUITE
/* SET DEFINE OFF; */
Insert into HVK_CAT_SUITE (CAT_SUITE_NUMBER,SUITE_STATUS,CST_CAT_SUITE_TYPE_NUMBER) values (1,1,1);
Insert into HVK_CAT_SUITE (CAT_SUITE_NUMBER,SUITE_STATUS,CST_CAT_SUITE_TYPE_NUMBER) values (2,1,2);
Insert into HVK_CAT_SUITE (CAT_SUITE_NUMBER,SUITE_STATUS,CST_CAT_SUITE_TYPE_NUMBER) values (3,1,3);
-- INSERTING into HVK_CAT_SUITE_TYPE
/* SET DEFINE OFF; */
Insert into HVK_CAT_SUITE_TYPE (CAT_SUITE_TYPE_NUMBER,CAT_SUITE_MAXIMUM_OCCUPANCY,SUITE_DESCRIPTION) values (1,1,'Regular');
Insert into HVK_CAT_SUITE_TYPE (CAT_SUITE_TYPE_NUMBER,CAT_SUITE_MAXIMUM_OCCUPANCY,SUITE_DESCRIPTION) values (2,1,'Semi-Luxury');
Insert into HVK_CAT_SUITE_TYPE (CAT_SUITE_TYPE_NUMBER,CAT_SUITE_MAXIMUM_OCCUPANCY,SUITE_DESCRIPTION) values (3,2,'Luxury');
-- INSERTING into HVK_DAILY_RATE
/* SET DEFINE OFF; */
Insert into HVK_DAILY_RATE (DAILY_RATE_NUMBER,DAILY_RATE,DAILY_RATE_PET_TYPE,DAILY_RATE_DOG_SIZE,DAILY_RATE_NUMBER_OF_CATS,SERV_SERVICE_NUMBER,CST_CAT_SUITE_TYPE_NUMBER) values (1,20,'D','S',null,1,null);
Insert into HVK_DAILY_RATE (DAILY_RATE_NUMBER,DAILY_RATE,DAILY_RATE_PET_TYPE,DAILY_RATE_DOG_SIZE,DAILY_RATE_NUMBER_OF_CATS,SERV_SERVICE_NUMBER,CST_CAT_SUITE_TYPE_NUMBER) values (2,22,'D','M',null,1,null);
Insert into HVK_DAILY_RATE (DAILY_RATE_NUMBER,DAILY_RATE,DAILY_RATE_PET_TYPE,DAILY_RATE_DOG_SIZE,DAILY_RATE_NUMBER_OF_CATS,SERV_SERVICE_NUMBER,CST_CAT_SUITE_TYPE_NUMBER) values (3,25,'D','L',null,1,null);
Insert into HVK_DAILY_RATE (DAILY_RATE_NUMBER,DAILY_RATE,DAILY_RATE_PET_TYPE,DAILY_RATE_DOG_SIZE,DAILY_RATE_NUMBER_OF_CATS,SERV_SERVICE_NUMBER,CST_CAT_SUITE_TYPE_NUMBER) values (4,2,'D','S',null,2,null);
Insert into HVK_DAILY_RATE (DAILY_RATE_NUMBER,DAILY_RATE,DAILY_RATE_PET_TYPE,DAILY_RATE_DOG_SIZE,DAILY_RATE_NUMBER_OF_CATS,SERV_SERVICE_NUMBER,CST_CAT_SUITE_TYPE_NUMBER) values (5,3,'D','M',null,2,null);
Insert into HVK_DAILY_RATE (DAILY_RATE_NUMBER,DAILY_RATE,DAILY_RATE_PET_TYPE,DAILY_RATE_DOG_SIZE,DAILY_RATE_NUMBER_OF_CATS,SERV_SERVICE_NUMBER,CST_CAT_SUITE_TYPE_NUMBER) values (6,4,'D','L',null,2,null);
Insert into HVK_DAILY_RATE (DAILY_RATE_NUMBER,DAILY_RATE,DAILY_RATE_PET_TYPE,DAILY_RATE_DOG_SIZE,DAILY_RATE_NUMBER_OF_CATS,SERV_SERVICE_NUMBER,CST_CAT_SUITE_TYPE_NUMBER) values (7,2,'D','S',null,3,null);
Insert into HVK_DAILY_RATE (DAILY_RATE_NUMBER,DAILY_RATE,DAILY_RATE_PET_TYPE,DAILY_RATE_DOG_SIZE,DAILY_RATE_NUMBER_OF_CATS,SERV_SERVICE_NUMBER,CST_CAT_SUITE_TYPE_NUMBER) values (8,3,'D','M',null,3,null);
Insert into HVK_DAILY_RATE (DAILY_RATE_NUMBER,DAILY_RATE,DAILY_RATE_PET_TYPE,DAILY_RATE_DOG_SIZE,DAILY_RATE_NUMBER_OF_CATS,SERV_SERVICE_NUMBER,CST_CAT_SUITE_TYPE_NUMBER) values (9,4,'D','L',null,3,null);
Insert into HVK_DAILY_RATE (DAILY_RATE_NUMBER,DAILY_RATE,DAILY_RATE_PET_TYPE,DAILY_RATE_DOG_SIZE,DAILY_RATE_NUMBER_OF_CATS,SERV_SERVICE_NUMBER,CST_CAT_SUITE_TYPE_NUMBER) values (10,2,'D',null,null,5,null);
Insert into HVK_DAILY_RATE (DAILY_RATE_NUMBER,DAILY_RATE,DAILY_RATE_PET_TYPE,DAILY_RATE_DOG_SIZE,DAILY_RATE_NUMBER_OF_CATS,SERV_SERVICE_NUMBER,CST_CAT_SUITE_TYPE_NUMBER) values (11,2,'D',null,null,4,null);
Insert into HVK_DAILY_RATE (DAILY_RATE_NUMBER,DAILY_RATE,DAILY_RATE_PET_TYPE,DAILY_RATE_DOG_SIZE,DAILY_RATE_NUMBER_OF_CATS,SERV_SERVICE_NUMBER,CST_CAT_SUITE_TYPE_NUMBER) values (12,10,'C',null,1,1,1);
Insert into HVK_DAILY_RATE (DAILY_RATE_NUMBER,DAILY_RATE,DAILY_RATE_PET_TYPE,DAILY_RATE_DOG_SIZE,DAILY_RATE_NUMBER_OF_CATS,SERV_SERVICE_NUMBER,CST_CAT_SUITE_TYPE_NUMBER) values (13,11,'C',null,1,1,2);
Insert into HVK_DAILY_RATE (DAILY_RATE_NUMBER,DAILY_RATE,DAILY_RATE_PET_TYPE,DAILY_RATE_DOG_SIZE,DAILY_RATE_NUMBER_OF_CATS,SERV_SERVICE_NUMBER,CST_CAT_SUITE_TYPE_NUMBER) values (14,12,'C',null,1,1,3);
Insert into HVK_DAILY_RATE (DAILY_RATE_NUMBER,DAILY_RATE,DAILY_RATE_PET_TYPE,DAILY_RATE_DOG_SIZE,DAILY_RATE_NUMBER_OF_CATS,SERV_SERVICE_NUMBER,CST_CAT_SUITE_TYPE_NUMBER) values (15,20,'C',null,2,1,3);
Insert into HVK_DAILY_RATE (DAILY_RATE_NUMBER,DAILY_RATE,DAILY_RATE_PET_TYPE,DAILY_RATE_DOG_SIZE,DAILY_RATE_NUMBER_OF_CATS,SERV_SERVICE_NUMBER,CST_CAT_SUITE_TYPE_NUMBER) values (16,2,'C',null,null,6,null);
Insert into HVK_DAILY_RATE (DAILY_RATE_NUMBER,DAILY_RATE,DAILY_RATE_PET_TYPE,DAILY_RATE_DOG_SIZE,DAILY_RATE_NUMBER_OF_CATS,SERV_SERVICE_NUMBER,CST_CAT_SUITE_TYPE_NUMBER) values (17,2,'C',null,null,3,null);
Insert into HVK_DAILY_RATE (DAILY_RATE_NUMBER,DAILY_RATE,DAILY_RATE_PET_TYPE,DAILY_RATE_DOG_SIZE,DAILY_RATE_NUMBER_OF_CATS,SERV_SERVICE_NUMBER,CST_CAT_SUITE_TYPE_NUMBER) values (18,2,'C',null,null,4,null);
-- INSERTING into HVK_DISCOUNT
/* SET DEFINE OFF; */
Insert into HVK_DISCOUNT (DISCOUNT_NUMBER,DISCOUNT_DESCRIPTION,DISCOUNT_PERCENTAGE,DISCOUNT_TYPE) values (1,'Shared Run',0.1,'D');
Insert into HVK_DISCOUNT (DISCOUNT_NUMBER,DISCOUNT_DESCRIPTION,DISCOUNT_PERCENTAGE,DISCOUNT_TYPE) values (2,'Multiple Pets',0.07,'T');
Insert into HVK_DISCOUNT (DISCOUNT_NUMBER,DISCOUNT_DESCRIPTION,DISCOUNT_PERCENTAGE,DISCOUNT_TYPE) values (3,'Own Food',0.1,'D');
-- INSERTING into HVK_DOG
/* SET DEFINE OFF; */
Insert into HVK_DOG (PET_PET_NUMBER,DOG_SIZE) values (33,'L');
Insert into HVK_DOG (PET_PET_NUMBER,DOG_SIZE) values (34,'M');
Insert into HVK_DOG (PET_PET_NUMBER,DOG_SIZE) values (35,'S');
Insert into HVK_DOG (PET_PET_NUMBER,DOG_SIZE) values (13,'L');
Insert into HVK_DOG (PET_PET_NUMBER,DOG_SIZE) values (14,'S');
Insert into HVK_DOG (PET_PET_NUMBER,DOG_SIZE) values (9,'M');
Insert into HVK_DOG (PET_PET_NUMBER,DOG_SIZE) values (10,'S');
Insert into HVK_DOG (PET_PET_NUMBER,DOG_SIZE) values (11,'L');
Insert into HVK_DOG (PET_PET_NUMBER,DOG_SIZE) values (12,'L');
Insert into HVK_DOG (PET_PET_NUMBER,DOG_SIZE) values (1,'S');
Insert into HVK_DOG (PET_PET_NUMBER,DOG_SIZE) values (2,'M');
Insert into HVK_DOG (PET_PET_NUMBER,DOG_SIZE) values (3,'L');
Insert into HVK_DOG (PET_PET_NUMBER,DOG_SIZE) values (6,'M');
Insert into HVK_DOG (PET_PET_NUMBER,DOG_SIZE) values (7,'S');
Insert into HVK_DOG (PET_PET_NUMBER,DOG_SIZE) values (16,'L');
Insert into HVK_DOG (PET_PET_NUMBER,DOG_SIZE) values (20,'S');
Insert into HVK_DOG (PET_PET_NUMBER,DOG_SIZE) values (26,'S');
Insert into HVK_DOG (PET_PET_NUMBER,DOG_SIZE) values (27,'S');
Insert into HVK_DOG (PET_PET_NUMBER,DOG_SIZE) values (28,'S');
Insert into HVK_DOG (PET_PET_NUMBER,DOG_SIZE) values (29,'L');
Insert into HVK_DOG (PET_PET_NUMBER,DOG_SIZE) values (30,'L');
Insert into HVK_DOG (PET_PET_NUMBER,DOG_SIZE) values (31,'L');
Insert into HVK_DOG (PET_PET_NUMBER,DOG_SIZE) values (32,'M');
-- INSERTING into HVK_FOOD
/* SET DEFINE OFF; */
Insert into HVK_FOOD (FOOD_NUMBER,FOOD_BRAND,FOOD_VARIETY,FOOD_PET_TYPE) values (1,'Iams','Mini Chunks','D');
Insert into HVK_FOOD (FOOD_NUMBER,FOOD_BRAND,FOOD_VARIETY,FOOD_PET_TYPE) values (2,'Iams','Large Dog','D');
Insert into HVK_FOOD (FOOD_NUMBER,FOOD_BRAND,FOOD_VARIETY,FOOD_PET_TYPE) values (3,'Iams','Weight Control','D');
Insert into HVK_FOOD (FOOD_NUMBER,FOOD_BRAND,FOOD_VARIETY,FOOD_PET_TYPE) values (4,'Iams','Beef and Rice Formula','D');
Insert into HVK_FOOD (FOOD_NUMBER,FOOD_BRAND,FOOD_VARIETY,FOOD_PET_TYPE) values (5,'President''s Choice','Xtra Meaty Chicken and Rice','D');
Insert into HVK_FOOD (FOOD_NUMBER,FOOD_BRAND,FOOD_VARIETY,FOOD_PET_TYPE) values (6,'President''s Choice','Xtra Meaty Lamb and Rice','D');
Insert into HVK_FOOD (FOOD_NUMBER,FOOD_BRAND,FOOD_VARIETY,FOOD_PET_TYPE) values (7,'Purina','Dog Chow','D');
Insert into HVK_FOOD (FOOD_NUMBER,FOOD_BRAND,FOOD_VARIETY,FOOD_PET_TYPE) values (11,'Science Diet','Allergy Formula','D');
Insert into HVK_FOOD (FOOD_NUMBER,FOOD_BRAND,FOOD_VARIETY,FOOD_PET_TYPE) values (13,'Own Food',null,'D');
Insert into HVK_FOOD (FOOD_NUMBER,FOOD_BRAND,FOOD_VARIETY,FOOD_PET_TYPE) values (14,'Pedigree','Choice Cuts in Sauce Country Stew','D');
Insert into HVK_FOOD (FOOD_NUMBER,FOOD_BRAND,FOOD_VARIETY,FOOD_PET_TYPE) values (15,'Purina','Moist Meaty Burger with Cheddar Cheese Burger with Cheddar Cheese','D');
Insert into HVK_FOOD (FOOD_NUMBER,FOOD_BRAND,FOOD_VARIETY,FOOD_PET_TYPE) values (8,'Purina Fancy Feast','Grilled Chicken Feast','C');
Insert into HVK_FOOD (FOOD_NUMBER,FOOD_BRAND,FOOD_VARIETY,FOOD_PET_TYPE) values (9,'Fromm','Weight Control','C');
Insert into HVK_FOOD (FOOD_NUMBER,FOOD_BRAND,FOOD_VARIETY,FOOD_PET_TYPE) values (10,'Purina','Cat Chow','C');
Insert into HVK_FOOD (FOOD_NUMBER,FOOD_BRAND,FOOD_VARIETY,FOOD_PET_TYPE) values (12,'Fromm','Salmon À La Veg','C');
-- INSERTING into HVK_MEDICATION
/* SET DEFINE OFF; */
Insert into HVK_MEDICATION (MEDICATION_NUMBER,MEDICATION_NAME,MEDICATION_DOSAGE,MEDICATION_SPECIAL_INSTRUCT,MEDICATION_END_DATE,PR_PET_RES_NUMBER) values (2,'Tapzole','1/2 tablet once daily',null,null,264);
Insert into HVK_MEDICATION (MEDICATION_NUMBER,MEDICATION_NAME,MEDICATION_DOSAGE,MEDICATION_SPECIAL_INSTRUCT,MEDICATION_END_DATE,PR_PET_RES_NUMBER) values (4,'Medicam','36 kg',null,null,240);
Insert into HVK_MEDICATION (MEDICATION_NUMBER,MEDICATION_NAME,MEDICATION_DOSAGE,MEDICATION_SPECIAL_INSTRUCT,MEDICATION_END_DATE,PR_PET_RES_NUMBER) values (3,'Prednisone','1 tablet twice daily',null,null,287);
Insert into HVK_MEDICATION (MEDICATION_NUMBER,MEDICATION_NAME,MEDICATION_DOSAGE,MEDICATION_SPECIAL_INSTRUCT,MEDICATION_END_DATE,PR_PET_RES_NUMBER) values (1,'Prednisone','1 tablet twice daily',null,null,300);
Insert into HVK_MEDICATION (MEDICATION_NUMBER,MEDICATION_NAME,MEDICATION_DOSAGE,MEDICATION_SPECIAL_INSTRUCT,MEDICATION_END_DATE,PR_PET_RES_NUMBER) values (5,'Hyper-thyroid pills','1 pill every morning',null,null,308);
Insert into HVK_MEDICATION (MEDICATION_NUMBER,MEDICATION_NAME,MEDICATION_DOSAGE,MEDICATION_SPECIAL_INSTRUCT,MEDICATION_END_DATE,PR_PET_RES_NUMBER) values (6,'Hyper-thyroid pills','1 pill every morning',null,null,311);
Insert into HVK_MEDICATION (MEDICATION_NUMBER,MEDICATION_NAME,MEDICATION_DOSAGE,MEDICATION_SPECIAL_INSTRUCT,MEDICATION_END_DATE,PR_PET_RES_NUMBER) values (7,'Revolution','once on January 1',null,null,310);
Insert into HVK_MEDICATION (MEDICATION_NUMBER,MEDICATION_NAME,MEDICATION_DOSAGE,MEDICATION_SPECIAL_INSTRUCT,MEDICATION_END_DATE,PR_PET_RES_NUMBER) values (8,'Revolution','Once on January 1',null,null,311);
-- INSERTING into HVK_CUSTOMER
/* SET DEFINE OFF; */
Insert into HVK_CUSTOMER (CUSTOMER_NUMBER,CUSTOMER_FIRST_NAME,CUSTOMER_LAST_NAME,CUSTOMER_STREET,CUSTOMER_CITY,CUSTOMER_PROVINCE,CUSTOMER_POSTAL_CODE,CUSTOMER_PHONE,CUSTOMER_CELL_PHONE,CUSTOMER_EMAIL,EMERGENCY_CONTACT_FIRST_NAME,EMERGENCY_CONTACT_LAST_NAME,EMERGENCY_CONTACT_PHONE) values (18,'Barb B.','Que','18 Sequel Row','Gatineau','QC','J8A1V3','8195554215', '8195559999','bque@gmail.com',null,null,null);
Insert into HVK_CUSTOMER (CUSTOMER_NUMBER,CUSTOMER_FIRST_NAME,CUSTOMER_LAST_NAME,CUSTOMER_STREET,CUSTOMER_CITY,CUSTOMER_PROVINCE,CUSTOMER_POSTAL_CODE,CUSTOMER_PHONE,CUSTOMER_CELL_PHONE,CUSTOMER_EMAIL,EMERGENCY_CONTACT_FIRST_NAME,EMERGENCY_CONTACT_LAST_NAME,EMERGENCY_CONTACT_PHONE) values (19,'Chester','Drawers',null,null,null,null,'8191234876','8195559998','cdrawers@gmail.com',null,null,null);
Insert into HVK_CUSTOMER (CUSTOMER_NUMBER,CUSTOMER_FIRST_NAME,CUSTOMER_LAST_NAME,CUSTOMER_STREET,CUSTOMER_CITY,CUSTOMER_PROVINCE,CUSTOMER_POSTAL_CODE,CUSTOMER_PHONE,CUSTOMER_CELL_PHONE,CUSTOMER_EMAIL,EMERGENCY_CONTACT_FIRST_NAME,EMERGENCY_CONTACT_LAST_NAME,EMERGENCY_CONTACT_PHONE) values (20,'Anita','Alibi',null,null,null,null,'8191224876','8195559997','aalibi@gmail.com',null,null,null);
Insert into HVK_CUSTOMER (CUSTOMER_NUMBER,CUSTOMER_FIRST_NAME,CUSTOMER_LAST_NAME,CUSTOMER_STREET,CUSTOMER_CITY,CUSTOMER_PROVINCE,CUSTOMER_POSTAL_CODE,CUSTOMER_PHONE,CUSTOMER_CELL_PHONE,CUSTOMER_EMAIL,EMERGENCY_CONTACT_FIRST_NAME,EMERGENCY_CONTACT_LAST_NAME,EMERGENCY_CONTACT_PHONE) values (8,'Amanda','Linn','23 Java Road','Gatineau','QC','J8Y6T5','8195552233','8195559996','alinn@gmail.com',null,null,null);
Insert into HVK_CUSTOMER (CUSTOMER_NUMBER,CUSTOMER_FIRST_NAME,CUSTOMER_LAST_NAME,CUSTOMER_STREET,CUSTOMER_CITY,CUSTOMER_PROVINCE,CUSTOMER_POSTAL_CODE,CUSTOMER_PHONE,CUSTOMER_CELL_PHONE,CUSTOMER_EMAIL,EMERGENCY_CONTACT_FIRST_NAME,EMERGENCY_CONTACT_LAST_NAME,EMERGENCY_CONTACT_PHONE) values (6,'Jeff','Summers','62 Adams','Maniwaki','QC','J8Y8T3','8195551843','8195559995','jsummers@gmail.com',null,null,null);
Insert into HVK_CUSTOMER (CUSTOMER_NUMBER,CUSTOMER_FIRST_NAME,CUSTOMER_LAST_NAME,CUSTOMER_STREET,CUSTOMER_CITY,CUSTOMER_PROVINCE,CUSTOMER_POSTAL_CODE,CUSTOMER_PHONE,CUSTOMER_CELL_PHONE,CUSTOMER_EMAIL,EMERGENCY_CONTACT_FIRST_NAME,EMERGENCY_CONTACT_LAST_NAME,EMERGENCY_CONTACT_PHONE) values (7,'Peter','Piper','107 Main','Gatineau','QC','J8Y6T3','8195554543','8195559994','ppiper@gmail.com',null,null,null);
Insert into HVK_CUSTOMER (CUSTOMER_NUMBER,CUSTOMER_FIRST_NAME,CUSTOMER_LAST_NAME,CUSTOMER_STREET,CUSTOMER_CITY,CUSTOMER_PROVINCE,CUSTOMER_POSTAL_CODE,CUSTOMER_PHONE,CUSTOMER_CELL_PHONE,CUSTOMER_EMAIL,EMERGENCY_CONTACT_FIRST_NAME,EMERGENCY_CONTACT_LAST_NAME,EMERGENCY_CONTACT_PHONE) values (1,'Jane','Smith','202 Poodle Path','Gatineau','QC','J8A1R2','8195551111','8195559993','jsmith@gmail.com',null,null,null);
Insert into HVK_CUSTOMER (CUSTOMER_NUMBER,CUSTOMER_FIRST_NAME,CUSTOMER_LAST_NAME,CUSTOMER_STREET,CUSTOMER_CITY,CUSTOMER_PROVINCE,CUSTOMER_POSTAL_CODE,CUSTOMER_PHONE,CUSTOMER_CELL_PHONE,CUSTOMER_EMAIL,EMERGENCY_CONTACT_FIRST_NAME,EMERGENCY_CONTACT_LAST_NAME,EMERGENCY_CONTACT_PHONE) values (2,'Mike','O''Phone','74 Benton','Gatineau','QC','J8Y6T3','8195552222','8195559992','mophone@gmail.com',null,null,null);
Insert into HVK_CUSTOMER (CUSTOMER_NUMBER,CUSTOMER_FIRST_NAME,CUSTOMER_LAST_NAME,CUSTOMER_STREET,CUSTOMER_CITY,CUSTOMER_PROVINCE,CUSTOMER_POSTAL_CODE,CUSTOMER_PHONE,CUSTOMER_CELL_PHONE,CUSTOMER_EMAIL,EMERGENCY_CONTACT_FIRST_NAME,EMERGENCY_CONTACT_LAST_NAME,EMERGENCY_CONTACT_PHONE) values (3,'Dwight','Wong','384 Garten','Ottawa','ON','K8Y6T3','8195555222','8195559991','dwong@gmail.com',null,null,null);
Insert into HVK_CUSTOMER (CUSTOMER_NUMBER,CUSTOMER_FIRST_NAME,CUSTOMER_LAST_NAME,CUSTOMER_STREET,CUSTOMER_CITY,CUSTOMER_PROVINCE,CUSTOMER_POSTAL_CODE,CUSTOMER_PHONE,CUSTOMER_CELL_PHONE,CUSTOMER_EMAIL,EMERGENCY_CONTACT_FIRST_NAME,EMERGENCY_CONTACT_LAST_NAME,EMERGENCY_CONTACT_PHONE) values (4,'Mahatma','Coate','1 Golfview','Ottawa','ON','K8Y6T3','8195559843','8195559989','mcoate@gmail.com',null,null,null);
Insert into HVK_CUSTOMER (CUSTOMER_NUMBER,CUSTOMER_FIRST_NAME,CUSTOMER_LAST_NAME,CUSTOMER_STREET,CUSTOMER_CITY,CUSTOMER_PROVINCE,CUSTOMER_POSTAL_CODE,CUSTOMER_PHONE,CUSTOMER_CELL_PHONE,CUSTOMER_EMAIL,EMERGENCY_CONTACT_FIRST_NAME,EMERGENCY_CONTACT_LAST_NAME,EMERGENCY_CONTACT_PHONE) values (5,'Sue','Metu','3 Riverview','Ottawa','ON','K8Y6T3','8195556699','8195559979','smetu@gmail.com',null,null,null);
Insert into HVK_CUSTOMER (CUSTOMER_NUMBER,CUSTOMER_FIRST_NAME,CUSTOMER_LAST_NAME,CUSTOMER_STREET,CUSTOMER_CITY,CUSTOMER_PROVINCE,CUSTOMER_POSTAL_CODE,CUSTOMER_PHONE,CUSTOMER_CELL_PHONE,CUSTOMER_EMAIL,EMERGENCY_CONTACT_FIRST_NAME,EMERGENCY_CONTACT_LAST_NAME,EMERGENCY_CONTACT_PHONE) values (10,'April','Showers',null,null,null,null,'8195558765','8195559969','ashowers@gmail.com',null,null,null);
Insert into HVK_CUSTOMER (CUSTOMER_NUMBER,CUSTOMER_FIRST_NAME,CUSTOMER_LAST_NAME,CUSTOMER_STREET,CUSTOMER_CITY,CUSTOMER_PROVINCE,CUSTOMER_POSTAL_CODE,CUSTOMER_PHONE,CUSTOMER_CELL_PHONE,CUSTOMER_EMAIL,EMERGENCY_CONTACT_FIRST_NAME,EMERGENCY_CONTACT_LAST_NAME,EMERGENCY_CONTACT_PHONE) values (11,'Salton','Pepper',null,null,null,null,'8195555571','8195559959','spepper@gmail.com',null,null,null);
Insert into HVK_CUSTOMER (CUSTOMER_NUMBER,CUSTOMER_FIRST_NAME,CUSTOMER_LAST_NAME,CUSTOMER_STREET,CUSTOMER_CITY,CUSTOMER_PROVINCE,CUSTOMER_POSTAL_CODE,CUSTOMER_PHONE,CUSTOMER_CELL_PHONE,CUSTOMER_EMAIL,EMERGENCY_CONTACT_FIRST_NAME,EMERGENCY_CONTACT_LAST_NAME,EMERGENCY_CONTACT_PHONE) values (12,'Ella','Mentary',null,null,null,null,'8195551839','8195559949','ementary@gmail.com',null,null,null);
Insert into HVK_CUSTOMER (CUSTOMER_NUMBER,CUSTOMER_FIRST_NAME,CUSTOMER_LAST_NAME,CUSTOMER_STREET,CUSTOMER_CITY,CUSTOMER_PROVINCE,CUSTOMER_POSTAL_CODE,CUSTOMER_PHONE,CUSTOMER_CELL_PHONE,CUSTOMER_EMAIL,EMERGENCY_CONTACT_FIRST_NAME,EMERGENCY_CONTACT_LAST_NAME,EMERGENCY_CONTACT_PHONE) values (13,'Sam','Ovar',null,null,null,'W2W2W2','8195551652','8195559939','sovar@gmail.com',null,null,null);
Insert into HVK_CUSTOMER (CUSTOMER_NUMBER,CUSTOMER_FIRST_NAME,CUSTOMER_LAST_NAME,CUSTOMER_STREET,CUSTOMER_CITY,CUSTOMER_PROVINCE,CUSTOMER_POSTAL_CODE,CUSTOMER_PHONE,CUSTOMER_CELL_PHONE,CUSTOMER_EMAIL,EMERGENCY_CONTACT_FIRST_NAME,EMERGENCY_CONTACT_LAST_NAME,EMERGENCY_CONTACT_PHONE) values (14,'Carrie','Mehome',null,null,null,null,'8195551232','8195559929','cmehome@gmail.com',null,null,null);
Insert into HVK_CUSTOMER (CUSTOMER_NUMBER,CUSTOMER_FIRST_NAME,CUSTOMER_LAST_NAME,CUSTOMER_STREET,CUSTOMER_CITY,CUSTOMER_PROVINCE,CUSTOMER_POSTAL_CODE,CUSTOMER_PHONE,CUSTOMER_CELL_PHONE,CUSTOMER_EMAIL,EMERGENCY_CONTACT_FIRST_NAME,EMERGENCY_CONTACT_LAST_NAME,EMERGENCY_CONTACT_PHONE) values (15,'Bayo','Wolfe',null,null,null,null,'8195565832','8195559919','bwolfe@gmail.com',null,null,null);
Insert into HVK_CUSTOMER (CUSTOMER_NUMBER,CUSTOMER_FIRST_NAME,CUSTOMER_LAST_NAME,CUSTOMER_STREET,CUSTOMER_CITY,CUSTOMER_PROVINCE,CUSTOMER_POSTAL_CODE,CUSTOMER_PHONE,CUSTOMER_CELL_PHONE,CUSTOMER_EMAIL,EMERGENCY_CONTACT_FIRST_NAME,EMERGENCY_CONTACT_LAST_NAME,EMERGENCY_CONTACT_PHONE) values (16,'Moe','Bilhome',null,null,null,null,'8195575332','8195559899','mbilhome@gmail.com',null,null,null);
Insert into HVK_CUSTOMER (CUSTOMER_NUMBER,CUSTOMER_FIRST_NAME,CUSTOMER_LAST_NAME,CUSTOMER_STREET,CUSTOMER_CITY,CUSTOMER_PROVINCE,CUSTOMER_POSTAL_CODE,CUSTOMER_PHONE,CUSTOMER_CELL_PHONE,CUSTOMER_EMAIL,EMERGENCY_CONTACT_FIRST_NAME,EMERGENCY_CONTACT_LAST_NAME,EMERGENCY_CONTACT_PHONE) values (17,'Polly','Morfek',null,null,null,null,'8195575332','8195559799','pmorfek@gmail.com',null,null,null);
-- INSERTING into HVK_PET
/* SET DEFINE OFF; */
INSERT INTO HVK_PET (PET_NUMBER, PET_NAME, PET_GENDER, PET_BREED, PET_BIRTHDATE, CUST_CUSTOMER_NUMBER) VALUES 
(33, 'Willie', 'M', 'Great Pyrenees', CONVERT(datetime, '2013-04-15', 120), 18),
(34, 'Aurora', 'F', 'Beagle', CONVERT(datetime, '2013-08-20', 120), 19),
(35, 'Bella', 'F', 'Chihuahua', CONVERT(datetime, '2012-05-21', 120), 20),
(14, 'Grizzlie', 'F', 'Shi Tzu', CONVERT(datetime, '2011-05-04', 120), 8),
(9, 'Parker', 'M', 'Shepherd Mix', NULL, 6),
(10, 'Pete', 'M', 'Tibetan Spanial - Sheltie', NULL, 7),
(11, 'Max', 'M', 'Samoyed', NULL, 7),
(12, 'Kitoo', 'F', 'Samoyed', NULL, 7),
(1, 'Scrabble', 'F', 'Llassapoo', NULL, 1),
(2, 'Archie', 'F', 'Standard Poodle', NULL, 1),
(3, 'Busker', 'M', 'Black Lab', CONVERT(datetime, '2010-04-04', 120), 2),
(6, 'Huxley', 'M', 'Standard Poodle', CONVERT(datetime, '2011-09-20', 120), 2),
(7, 'Charlie', 'M', 'Jack Russell Terrier', NULL, 4),
(16, 'Maggie', 'F', 'Golden Retriever', CONVERT(datetime, '2010-03-02', 120), 10),
(26, 'Skarpa', 'F', NULL, NULL, 15),
(27, 'Bothvar', 'M', NULL, NULL, 15),
(28, 'Foxfire', 'F', NULL, NULL, 15),
(29, 'Shaboo', 'F', NULL, NULL, 16),
(30, 'Suki', 'F', NULL, NULL, 17),
(31, 'Sam', 'M', NULL, NULL, 17),
(32, 'Snoop Dogg', 'M', NULL, NULL, 17),
(4, 'Tess', 'F', 'DSH', NULL, 2),
(5, 'Tripod', 'F', 'DSH', NULL, 2),
(8, 'Chloe', 'F', 'DSH', NULL, 5),
(36, 'Max', 'M', 'DSH', NULL, 3),
(37, 'Howard', 'M', 'DSH', NULL, 4),
(38, 'Noah', 'M', 'DSH', NULL, 4),
(13, 'Logan', 'M', 'Bernese Mountain Dog', CONVERT(datetime, '2006-10-20', 120), 3),
(20, 'Poppy', 'F', 'Jack Russell Terrier', CONVERT(datetime, '2007-05-21', 120), 12);

-- INSERTING into HVK_PET_FOOD
/* SET DEFINE OFF; */
Insert into HVK_PET_FOOD (PET_FOOD_FREQUENCY,PET_FOOD_QUANTITY,PR_PET_RES_NUMBER,FOOD_FOOD_NUMBER) values (1,null,204,1);
Insert into HVK_PET_FOOD (PET_FOOD_FREQUENCY,PET_FOOD_QUANTITY,PR_PET_RES_NUMBER,FOOD_FOOD_NUMBER) values (1,null,205,1);
Insert into HVK_PET_FOOD (PET_FOOD_FREQUENCY,PET_FOOD_QUANTITY,PR_PET_RES_NUMBER,FOOD_FOOD_NUMBER) values (1,null,206,1);
Insert into HVK_PET_FOOD (PET_FOOD_FREQUENCY,PET_FOOD_QUANTITY,PR_PET_RES_NUMBER,FOOD_FOOD_NUMBER) values (2,'.25',287,11);
Insert into HVK_PET_FOOD (PET_FOOD_FREQUENCY,PET_FOOD_QUANTITY,PR_PET_RES_NUMBER,FOOD_FOOD_NUMBER) values (1,'.25 cup',286,11);
Insert into HVK_PET_FOOD (PET_FOOD_FREQUENCY,PET_FOOD_QUANTITY,PR_PET_RES_NUMBER,FOOD_FOOD_NUMBER) values (1,'1 cup',219,2);
Insert into HVK_PET_FOOD (PET_FOOD_FREQUENCY,PET_FOOD_QUANTITY,PR_PET_RES_NUMBER,FOOD_FOOD_NUMBER) values (1,'.25 cup',288,1);
Insert into HVK_PET_FOOD (PET_FOOD_FREQUENCY,PET_FOOD_QUANTITY,PR_PET_RES_NUMBER,FOOD_FOOD_NUMBER) values (1,'.25 cup',289,1);
Insert into HVK_PET_FOOD (PET_FOOD_FREQUENCY,PET_FOOD_QUANTITY,PR_PET_RES_NUMBER,FOOD_FOOD_NUMBER) values (1,'1 cup',292,2);
Insert into HVK_PET_FOOD (PET_FOOD_FREQUENCY,PET_FOOD_QUANTITY,PR_PET_RES_NUMBER,FOOD_FOOD_NUMBER) values (1,'.5 cup',293,15);
Insert into HVK_PET_FOOD (PET_FOOD_FREQUENCY,PET_FOOD_QUANTITY,PR_PET_RES_NUMBER,FOOD_FOOD_NUMBER) values (1,'1 cup',294,2);
Insert into HVK_PET_FOOD (PET_FOOD_FREQUENCY,PET_FOOD_QUANTITY,PR_PET_RES_NUMBER,FOOD_FOOD_NUMBER) values (1,'1 cup',295,2);
Insert into HVK_PET_FOOD (PET_FOOD_FREQUENCY,PET_FOOD_QUANTITY,PR_PET_RES_NUMBER,FOOD_FOOD_NUMBER) values (1,'1,5',223,2);
Insert into HVK_PET_FOOD (PET_FOOD_FREQUENCY,PET_FOOD_QUANTITY,PR_PET_RES_NUMBER,FOOD_FOOD_NUMBER) values (2,'.5',224,13);
Insert into HVK_PET_FOOD (PET_FOOD_FREQUENCY,PET_FOOD_QUANTITY,PR_PET_RES_NUMBER,FOOD_FOOD_NUMBER) values (1,'1',225,5);
Insert into HVK_PET_FOOD (PET_FOOD_FREQUENCY,PET_FOOD_QUANTITY,PR_PET_RES_NUMBER,FOOD_FOOD_NUMBER) values (1,'1',226,15);
Insert into HVK_PET_FOOD (PET_FOOD_FREQUENCY,PET_FOOD_QUANTITY,PR_PET_RES_NUMBER,FOOD_FOOD_NUMBER) values (1,'.25',227,5);
Insert into HVK_PET_FOOD (PET_FOOD_FREQUENCY,PET_FOOD_QUANTITY,PR_PET_RES_NUMBER,FOOD_FOOD_NUMBER) values (1,'.25',228,14);
Insert into HVK_PET_FOOD (PET_FOOD_FREQUENCY,PET_FOOD_QUANTITY,PR_PET_RES_NUMBER,FOOD_FOOD_NUMBER) values (1,'.25',228,3);
Insert into HVK_PET_FOOD (PET_FOOD_FREQUENCY,PET_FOOD_QUANTITY,PR_PET_RES_NUMBER,FOOD_FOOD_NUMBER) values (1,'.25',229,5);
Insert into HVK_PET_FOOD (PET_FOOD_FREQUENCY,PET_FOOD_QUANTITY,PR_PET_RES_NUMBER,FOOD_FOOD_NUMBER) values (1,'1',229,15);
Insert into HVK_PET_FOOD (PET_FOOD_FREQUENCY,PET_FOOD_QUANTITY,PR_PET_RES_NUMBER,FOOD_FOOD_NUMBER) values (2,'.5',230,5);
Insert into HVK_PET_FOOD (PET_FOOD_FREQUENCY,PET_FOOD_QUANTITY,PR_PET_RES_NUMBER,FOOD_FOOD_NUMBER) values (2,'.5',264,13);
Insert into HVK_PET_FOOD (PET_FOOD_FREQUENCY,PET_FOOD_QUANTITY,PR_PET_RES_NUMBER,FOOD_FOOD_NUMBER) values (1,'1',231,5);
Insert into HVK_PET_FOOD (PET_FOOD_FREQUENCY,PET_FOOD_QUANTITY,PR_PET_RES_NUMBER,FOOD_FOOD_NUMBER) values (1,'1',232,5);
Insert into HVK_PET_FOOD (PET_FOOD_FREQUENCY,PET_FOOD_QUANTITY,PR_PET_RES_NUMBER,FOOD_FOOD_NUMBER) values (1,'.25 cups',233,1);
Insert into HVK_PET_FOOD (PET_FOOD_FREQUENCY,PET_FOOD_QUANTITY,PR_PET_RES_NUMBER,FOOD_FOOD_NUMBER) values (1,'1 cup',234,2);
Insert into HVK_PET_FOOD (PET_FOOD_FREQUENCY,PET_FOOD_QUANTITY,PR_PET_RES_NUMBER,FOOD_FOOD_NUMBER) values (1,'1 cup',235,2);
Insert into HVK_PET_FOOD (PET_FOOD_FREQUENCY,PET_FOOD_QUANTITY,PR_PET_RES_NUMBER,FOOD_FOOD_NUMBER) values (1,'1 cup',236,2);
Insert into HVK_PET_FOOD (PET_FOOD_FREQUENCY,PET_FOOD_QUANTITY,PR_PET_RES_NUMBER,FOOD_FOOD_NUMBER) values (1,'.25 cup',237,1);
Insert into HVK_PET_FOOD (PET_FOOD_FREQUENCY,PET_FOOD_QUANTITY,PR_PET_RES_NUMBER,FOOD_FOOD_NUMBER) values (1,'.25 cup',296,13);
Insert into HVK_PET_FOOD (PET_FOOD_FREQUENCY,PET_FOOD_QUANTITY,PR_PET_RES_NUMBER,FOOD_FOOD_NUMBER) values (1,'.25 cup',239,1);
Insert into HVK_PET_FOOD (PET_FOOD_FREQUENCY,PET_FOOD_QUANTITY,PR_PET_RES_NUMBER,FOOD_FOOD_NUMBER) values (1,'1 cup',240,2);
Insert into HVK_PET_FOOD (PET_FOOD_FREQUENCY,PET_FOOD_QUANTITY,PR_PET_RES_NUMBER,FOOD_FOOD_NUMBER) values (1,'1 cup',241,2);
Insert into HVK_PET_FOOD (PET_FOOD_FREQUENCY,PET_FOOD_QUANTITY,PR_PET_RES_NUMBER,FOOD_FOOD_NUMBER) values (1,'1 cup',242,2);
Insert into HVK_PET_FOOD (PET_FOOD_FREQUENCY,PET_FOOD_QUANTITY,PR_PET_RES_NUMBER,FOOD_FOOD_NUMBER) values (1,'1 cup',243,2);
Insert into HVK_PET_FOOD (PET_FOOD_FREQUENCY,PET_FOOD_QUANTITY,PR_PET_RES_NUMBER,FOOD_FOOD_NUMBER) values (1,'1 cup',272,2);
Insert into HVK_PET_FOOD (PET_FOOD_FREQUENCY,PET_FOOD_QUANTITY,PR_PET_RES_NUMBER,FOOD_FOOD_NUMBER) values (1,'1 cup',298,2);
Insert into HVK_PET_FOOD (PET_FOOD_FREQUENCY,PET_FOOD_QUANTITY,PR_PET_RES_NUMBER,FOOD_FOOD_NUMBER) values (2,'.25',300,11);
Insert into HVK_PET_FOOD (PET_FOOD_FREQUENCY,PET_FOOD_QUANTITY,PR_PET_RES_NUMBER,FOOD_FOOD_NUMBER) values (2,'.5',301,1);
Insert into HVK_PET_FOOD (PET_FOOD_FREQUENCY,PET_FOOD_QUANTITY,PR_PET_RES_NUMBER,FOOD_FOOD_NUMBER) values (2,'.25',302,11);
Insert into HVK_PET_FOOD (PET_FOOD_FREQUENCY,PET_FOOD_QUANTITY,PR_PET_RES_NUMBER,FOOD_FOOD_NUMBER) values (2,'.5',223,1);
Insert into HVK_PET_FOOD (PET_FOOD_FREQUENCY,PET_FOOD_QUANTITY,PR_PET_RES_NUMBER,FOOD_FOOD_NUMBER) values (2,'.5',304,5);
Insert into HVK_PET_FOOD (PET_FOOD_FREQUENCY,PET_FOOD_QUANTITY,PR_PET_RES_NUMBER,FOOD_FOOD_NUMBER) values (2,'.5',305,13);
Insert into HVK_PET_FOOD (PET_FOOD_FREQUENCY,PET_FOOD_QUANTITY,PR_PET_RES_NUMBER,FOOD_FOOD_NUMBER) values (1,'.5',306,13);
Insert into HVK_PET_FOOD (PET_FOOD_FREQUENCY,PET_FOOD_QUANTITY,PR_PET_RES_NUMBER,FOOD_FOOD_NUMBER) values (1,'.5',307,13);
Insert into HVK_PET_FOOD (PET_FOOD_FREQUENCY,PET_FOOD_QUANTITY,PR_PET_RES_NUMBER,FOOD_FOOD_NUMBER) values (2,'.5',249,13);
Insert into HVK_PET_FOOD (PET_FOOD_FREQUENCY,PET_FOOD_QUANTITY,PR_PET_RES_NUMBER,FOOD_FOOD_NUMBER) values (1,null,252,1);
Insert into HVK_PET_FOOD (PET_FOOD_FREQUENCY,PET_FOOD_QUANTITY,PR_PET_RES_NUMBER,FOOD_FOOD_NUMBER) values (1,'.25 cup',297,1);
Insert into HVK_PET_FOOD (PET_FOOD_FREQUENCY,PET_FOOD_QUANTITY,PR_PET_RES_NUMBER,FOOD_FOOD_NUMBER) values (1,null,215,4);
Insert into HVK_PET_FOOD (PET_FOOD_FREQUENCY,PET_FOOD_QUANTITY,PR_PET_RES_NUMBER,FOOD_FOOD_NUMBER) values (1,null,274,4);
Insert into HVK_PET_FOOD (PET_FOOD_FREQUENCY,PET_FOOD_QUANTITY,PR_PET_RES_NUMBER,FOOD_FOOD_NUMBER) values (1,null,273,4);
Insert into HVK_PET_FOOD (PET_FOOD_FREQUENCY,PET_FOOD_QUANTITY,PR_PET_RES_NUMBER,FOOD_FOOD_NUMBER) values (1,null,400,13);
Insert into HVK_PET_FOOD (PET_FOOD_FREQUENCY,PET_FOOD_QUANTITY,PR_PET_RES_NUMBER,FOOD_FOOD_NUMBER) values (1,null,401,13);
Insert into HVK_PET_FOOD (PET_FOOD_FREQUENCY,PET_FOOD_QUANTITY,PR_PET_RES_NUMBER,FOOD_FOOD_NUMBER) values (1,null,402,2);
Insert into HVK_PET_FOOD (PET_FOOD_FREQUENCY,PET_FOOD_QUANTITY,PR_PET_RES_NUMBER,FOOD_FOOD_NUMBER) values (1,null,403,1);
Insert into HVK_PET_FOOD (PET_FOOD_FREQUENCY,PET_FOOD_QUANTITY,PR_PET_RES_NUMBER,FOOD_FOOD_NUMBER) values (1,null,404,13);
Insert into HVK_PET_FOOD (PET_FOOD_FREQUENCY,PET_FOOD_QUANTITY,PR_PET_RES_NUMBER,FOOD_FOOD_NUMBER) values (1,null,405,13);
Insert into HVK_PET_FOOD (PET_FOOD_FREQUENCY,PET_FOOD_QUANTITY,PR_PET_RES_NUMBER,FOOD_FOOD_NUMBER) values (1,null,406,2);
Insert into HVK_PET_FOOD (PET_FOOD_FREQUENCY,PET_FOOD_QUANTITY,PR_PET_RES_NUMBER,FOOD_FOOD_NUMBER) values (1,null,407,8);
Insert into HVK_PET_FOOD (PET_FOOD_FREQUENCY,PET_FOOD_QUANTITY,PR_PET_RES_NUMBER,FOOD_FOOD_NUMBER) values (1,null,408,8);
Insert into HVK_PET_FOOD (PET_FOOD_FREQUENCY,PET_FOOD_QUANTITY,PR_PET_RES_NUMBER,FOOD_FOOD_NUMBER) values (1,null,409,3);
Insert into HVK_PET_FOOD (PET_FOOD_FREQUENCY,PET_FOOD_QUANTITY,PR_PET_RES_NUMBER,FOOD_FOOD_NUMBER) values (1,null,410,2);
Insert into HVK_PET_FOOD (PET_FOOD_FREQUENCY,PET_FOOD_QUANTITY,PR_PET_RES_NUMBER,FOOD_FOOD_NUMBER) values (1,null,411,13);
Insert into HVK_PET_FOOD (PET_FOOD_FREQUENCY,PET_FOOD_QUANTITY,PR_PET_RES_NUMBER,FOOD_FOOD_NUMBER) values (1,null,412,1);
Insert into HVK_PET_FOOD (PET_FOOD_FREQUENCY,PET_FOOD_QUANTITY,PR_PET_RES_NUMBER,FOOD_FOOD_NUMBER) values (1,null,413,2);
Insert into HVK_PET_FOOD (PET_FOOD_FREQUENCY,PET_FOOD_QUANTITY,PR_PET_RES_NUMBER,FOOD_FOOD_NUMBER) values (1,null,414,9);
Insert into HVK_PET_FOOD (PET_FOOD_FREQUENCY,PET_FOOD_QUANTITY,PR_PET_RES_NUMBER,FOOD_FOOD_NUMBER) values (1,null,415,9);
Insert into HVK_PET_FOOD (PET_FOOD_FREQUENCY,PET_FOOD_QUANTITY,PR_PET_RES_NUMBER,FOOD_FOOD_NUMBER) values (1,null,416,1);
Insert into HVK_PET_FOOD (PET_FOOD_FREQUENCY,PET_FOOD_QUANTITY,PR_PET_RES_NUMBER,FOOD_FOOD_NUMBER) values (1,null,417,13);
Insert into HVK_PET_FOOD (PET_FOOD_FREQUENCY,PET_FOOD_QUANTITY,PR_PET_RES_NUMBER,FOOD_FOOD_NUMBER) values (1,null,418,13);
Insert into HVK_PET_FOOD (PET_FOOD_FREQUENCY,PET_FOOD_QUANTITY,PR_PET_RES_NUMBER,FOOD_FOOD_NUMBER) values (1,null,419,1);
Insert into HVK_PET_FOOD (PET_FOOD_FREQUENCY,PET_FOOD_QUANTITY,PR_PET_RES_NUMBER,FOOD_FOOD_NUMBER) values (1,null,420,13);
Insert into HVK_PET_FOOD (PET_FOOD_FREQUENCY,PET_FOOD_QUANTITY,PR_PET_RES_NUMBER,FOOD_FOOD_NUMBER) values (1,null,421,13);
Insert into HVK_PET_FOOD (PET_FOOD_FREQUENCY,PET_FOOD_QUANTITY,PR_PET_RES_NUMBER,FOOD_FOOD_NUMBER) values (1,'1 tbsp',310,8);
Insert into HVK_PET_FOOD (PET_FOOD_FREQUENCY,PET_FOOD_QUANTITY,PR_PET_RES_NUMBER,FOOD_FOOD_NUMBER) values (1,'1 cup',310,10);
Insert into HVK_PET_FOOD (PET_FOOD_FREQUENCY,PET_FOOD_QUANTITY,PR_PET_RES_NUMBER,FOOD_FOOD_NUMBER) values (1,'0.5 cup',311,9);
Insert into HVK_PET_FOOD (PET_FOOD_FREQUENCY,PET_FOOD_QUANTITY,PR_PET_RES_NUMBER,FOOD_FOOD_NUMBER) values (1,'1 tbsp',311,12);
Insert into HVK_PET_FOOD (PET_FOOD_FREQUENCY,PET_FOOD_QUANTITY,PR_PET_RES_NUMBER,FOOD_FOOD_NUMBER) values (1,null,423,13);
Insert into HVK_PET_FOOD (PET_FOOD_FREQUENCY,PET_FOOD_QUANTITY,PR_PET_RES_NUMBER,FOOD_FOOD_NUMBER) values (1,null,422,12);
Insert into HVK_PET_FOOD (PET_FOOD_FREQUENCY,PET_FOOD_QUANTITY,PR_PET_RES_NUMBER,FOOD_FOOD_NUMBER) values (1,null,424,13);
Insert into HVK_PET_FOOD (PET_FOOD_FREQUENCY,PET_FOOD_QUANTITY,PR_PET_RES_NUMBER,FOOD_FOOD_NUMBER) values (1,null,425,1);
Insert into HVK_PET_FOOD (PET_FOOD_FREQUENCY,PET_FOOD_QUANTITY,PR_PET_RES_NUMBER,FOOD_FOOD_NUMBER) values (1,null,426,1);
Insert into HVK_PET_FOOD (PET_FOOD_FREQUENCY,PET_FOOD_QUANTITY,PR_PET_RES_NUMBER,FOOD_FOOD_NUMBER) values (1,null,427,1);
-- INSERTING into HVK_PET_RESERVATION
/* SET DEFINE OFF; */
Insert into HVK_PET_RESERVATION (PET_RES_NUMBER,PET_PET_NUMBER,RES_RESERVATION_NUMBER,RUN_RUN_NUMBER,CS_CAT_SUITE_NUMBER,PR_SHARING_WITH) values (200,7,631,null,null,null);
Insert into HVK_PET_RESERVATION (PET_RES_NUMBER,PET_PET_NUMBER,RES_RESERVATION_NUMBER,RUN_RUN_NUMBER,CS_CAT_SUITE_NUMBER,PR_SHARING_WITH) values (201,20,632,null,null,null);
Insert into HVK_PET_RESERVATION (PET_RES_NUMBER,PET_PET_NUMBER,RES_RESERVATION_NUMBER,RUN_RUN_NUMBER,CS_CAT_SUITE_NUMBER,PR_SHARING_WITH) values (202,32,633,null,null,null);
Insert into HVK_PET_RESERVATION (PET_RES_NUMBER,PET_PET_NUMBER,RES_RESERVATION_NUMBER,RUN_RUN_NUMBER,CS_CAT_SUITE_NUMBER,PR_SHARING_WITH) values (204,20,625,null,null,null);
Insert into HVK_PET_RESERVATION (PET_RES_NUMBER,PET_PET_NUMBER,RES_RESERVATION_NUMBER,RUN_RUN_NUMBER,CS_CAT_SUITE_NUMBER,PR_SHARING_WITH) values (205,33,630,null,null,null);
Insert into HVK_PET_RESERVATION (PET_RES_NUMBER,PET_PET_NUMBER,RES_RESERVATION_NUMBER,RUN_RUN_NUMBER,CS_CAT_SUITE_NUMBER,PR_SHARING_WITH) values (206,10,635,null,null,null);
Insert into HVK_PET_RESERVATION (PET_RES_NUMBER,PET_PET_NUMBER,RES_RESERVATION_NUMBER,RUN_RUN_NUMBER,CS_CAT_SUITE_NUMBER,PR_SHARING_WITH) values (207,9,696,null,null,null);
Insert into HVK_PET_RESERVATION (PET_RES_NUMBER,PET_PET_NUMBER,RES_RESERVATION_NUMBER,RUN_RUN_NUMBER,CS_CAT_SUITE_NUMBER,PR_SHARING_WITH) values (208,26,707,null,null,null);
Insert into HVK_PET_RESERVATION (PET_RES_NUMBER,PET_PET_NUMBER,RES_RESERVATION_NUMBER,RUN_RUN_NUMBER,CS_CAT_SUITE_NUMBER,PR_SHARING_WITH) values (209,9,708,null,null,null);
Insert into HVK_PET_RESERVATION (PET_RES_NUMBER,PET_PET_NUMBER,RES_RESERVATION_NUMBER,RUN_RUN_NUMBER,CS_CAT_SUITE_NUMBER,PR_SHARING_WITH) values (210,11,709,null,null,null);
Insert into HVK_PET_RESERVATION (PET_RES_NUMBER,PET_PET_NUMBER,RES_RESERVATION_NUMBER,RUN_RUN_NUMBER,CS_CAT_SUITE_NUMBER,PR_SHARING_WITH) values (211,13,711,null,null,null);
Insert into HVK_PET_RESERVATION (PET_RES_NUMBER,PET_PET_NUMBER,RES_RESERVATION_NUMBER,RUN_RUN_NUMBER,CS_CAT_SUITE_NUMBER,PR_SHARING_WITH) values (212,14,712,null,null,null);
Insert into HVK_PET_RESERVATION (PET_RES_NUMBER,PET_PET_NUMBER,RES_RESERVATION_NUMBER,RUN_RUN_NUMBER,CS_CAT_SUITE_NUMBER,PR_SHARING_WITH) values (213,26,713,null,null,null);
Insert into HVK_PET_RESERVATION (PET_RES_NUMBER,PET_PET_NUMBER,RES_RESERVATION_NUMBER,RUN_RUN_NUMBER,CS_CAT_SUITE_NUMBER,PR_SHARING_WITH) values (214,29,716,null,null,null);
Insert into HVK_PET_RESERVATION (PET_RES_NUMBER,PET_PET_NUMBER,RES_RESERVATION_NUMBER,RUN_RUN_NUMBER,CS_CAT_SUITE_NUMBER,PR_SHARING_WITH) values (215,30,717,17,null,273);
Insert into HVK_PET_RESERVATION (PET_RES_NUMBER,PET_PET_NUMBER,RES_RESERVATION_NUMBER,RUN_RUN_NUMBER,CS_CAT_SUITE_NUMBER,PR_SHARING_WITH) values (216,3,720,17,null,null);
Insert into HVK_PET_RESERVATION (PET_RES_NUMBER,PET_PET_NUMBER,RES_RESERVATION_NUMBER,RUN_RUN_NUMBER,CS_CAT_SUITE_NUMBER,PR_SHARING_WITH) values (217,3,721,17,null,null);
Insert into HVK_PET_RESERVATION (PET_RES_NUMBER,PET_PET_NUMBER,RES_RESERVATION_NUMBER,RUN_RUN_NUMBER,CS_CAT_SUITE_NUMBER,PR_SHARING_WITH) values (219,3,595,null,null,null);
Insert into HVK_PET_RESERVATION (PET_RES_NUMBER,PET_PET_NUMBER,RES_RESERVATION_NUMBER,RUN_RUN_NUMBER,CS_CAT_SUITE_NUMBER,PR_SHARING_WITH) values (223,13,102,16,null,null);
Insert into HVK_PET_RESERVATION (PET_RES_NUMBER,PET_PET_NUMBER,RES_RESERVATION_NUMBER,RUN_RUN_NUMBER,CS_CAT_SUITE_NUMBER,PR_SHARING_WITH) values (224,6,103,24,null,null);
Insert into HVK_PET_RESERVATION (PET_RES_NUMBER,PET_PET_NUMBER,RES_RESERVATION_NUMBER,RUN_RUN_NUMBER,CS_CAT_SUITE_NUMBER,PR_SHARING_WITH) values (225,9,104,20,null,null);
Insert into HVK_PET_RESERVATION (PET_RES_NUMBER,PET_PET_NUMBER,RES_RESERVATION_NUMBER,RUN_RUN_NUMBER,CS_CAT_SUITE_NUMBER,PR_SHARING_WITH) values (226,6,105,17,null,null);
Insert into HVK_PET_RESERVATION (PET_RES_NUMBER,PET_PET_NUMBER,RES_RESERVATION_NUMBER,RUN_RUN_NUMBER,CS_CAT_SUITE_NUMBER,PR_SHARING_WITH) values (227,3,108,24,null,null);
Insert into HVK_PET_RESERVATION (PET_RES_NUMBER,PET_PET_NUMBER,RES_RESERVATION_NUMBER,RUN_RUN_NUMBER,CS_CAT_SUITE_NUMBER,PR_SHARING_WITH) values (228,10,109,23,null,null);
Insert into HVK_PET_RESERVATION (PET_RES_NUMBER,PET_PET_NUMBER,RES_RESERVATION_NUMBER,RUN_RUN_NUMBER,CS_CAT_SUITE_NUMBER,PR_SHARING_WITH) values (229,14,114,1,null,null);
Insert into HVK_PET_RESERVATION (PET_RES_NUMBER,PET_PET_NUMBER,RES_RESERVATION_NUMBER,RUN_RUN_NUMBER,CS_CAT_SUITE_NUMBER,PR_SHARING_WITH) values (230,3,115,17,null,null);
Insert into HVK_PET_RESERVATION (PET_RES_NUMBER,PET_PET_NUMBER,RES_RESERVATION_NUMBER,RUN_RUN_NUMBER,CS_CAT_SUITE_NUMBER,PR_SHARING_WITH) values (231,9,120,19,null,null);
Insert into HVK_PET_RESERVATION (PET_RES_NUMBER,PET_PET_NUMBER,RES_RESERVATION_NUMBER,RUN_RUN_NUMBER,CS_CAT_SUITE_NUMBER,PR_SHARING_WITH) values (232,9,123,23,null,null);
Insert into HVK_PET_RESERVATION (PET_RES_NUMBER,PET_PET_NUMBER,RES_RESERVATION_NUMBER,RUN_RUN_NUMBER,CS_CAT_SUITE_NUMBER,PR_SHARING_WITH) values (233,20,131,20,null,null);
Insert into HVK_PET_RESERVATION (PET_RES_NUMBER,PET_PET_NUMBER,RES_RESERVATION_NUMBER,RUN_RUN_NUMBER,CS_CAT_SUITE_NUMBER,PR_SHARING_WITH) values (234,10,136,15,null,null);
Insert into HVK_PET_RESERVATION (PET_RES_NUMBER,PET_PET_NUMBER,RES_RESERVATION_NUMBER,RUN_RUN_NUMBER,CS_CAT_SUITE_NUMBER,PR_SHARING_WITH) values (235,12,137,null,null,null);
Insert into HVK_PET_RESERVATION (PET_RES_NUMBER,PET_PET_NUMBER,RES_RESERVATION_NUMBER,RUN_RUN_NUMBER,CS_CAT_SUITE_NUMBER,PR_SHARING_WITH) values (236,13,138,14,null,null);
Insert into HVK_PET_RESERVATION (PET_RES_NUMBER,PET_PET_NUMBER,RES_RESERVATION_NUMBER,RUN_RUN_NUMBER,CS_CAT_SUITE_NUMBER,PR_SHARING_WITH) values (237,14,139,19,null,null);
Insert into HVK_PET_RESERVATION (PET_RES_NUMBER,PET_PET_NUMBER,RES_RESERVATION_NUMBER,RUN_RUN_NUMBER,CS_CAT_SUITE_NUMBER,PR_SHARING_WITH) values (239,27,140,1,null,null);
Insert into HVK_PET_RESERVATION (PET_RES_NUMBER,PET_PET_NUMBER,RES_RESERVATION_NUMBER,RUN_RUN_NUMBER,CS_CAT_SUITE_NUMBER,PR_SHARING_WITH) values (240,29,143,16,null,null);
Insert into HVK_PET_RESERVATION (PET_RES_NUMBER,PET_PET_NUMBER,RES_RESERVATION_NUMBER,RUN_RUN_NUMBER,CS_CAT_SUITE_NUMBER,PR_SHARING_WITH) values (241,29,144,12,null,null);
Insert into HVK_PET_RESERVATION (PET_RES_NUMBER,PET_PET_NUMBER,RES_RESERVATION_NUMBER,RUN_RUN_NUMBER,CS_CAT_SUITE_NUMBER,PR_SHARING_WITH) values (242,30,145,17,null,null);
Insert into HVK_PET_RESERVATION (PET_RES_NUMBER,PET_PET_NUMBER,RES_RESERVATION_NUMBER,RUN_RUN_NUMBER,CS_CAT_SUITE_NUMBER,PR_SHARING_WITH) values (243,31,146,17,null,null);
Insert into HVK_PET_RESERVATION (PET_RES_NUMBER,PET_PET_NUMBER,RES_RESERVATION_NUMBER,RUN_RUN_NUMBER,CS_CAT_SUITE_NUMBER,PR_SHARING_WITH) values (249,6,122,24,null,null);
Insert into HVK_PET_RESERVATION (PET_RES_NUMBER,PET_PET_NUMBER,RES_RESERVATION_NUMBER,RUN_RUN_NUMBER,CS_CAT_SUITE_NUMBER,PR_SHARING_WITH) values (250,6,615,null,null,null);
Insert into HVK_PET_RESERVATION (PET_RES_NUMBER,PET_PET_NUMBER,RES_RESERVATION_NUMBER,RUN_RUN_NUMBER,CS_CAT_SUITE_NUMBER,PR_SHARING_WITH) values (251,16,700,null,null,null);
Insert into HVK_PET_RESERVATION (PET_RES_NUMBER,PET_PET_NUMBER,RES_RESERVATION_NUMBER,RUN_RUN_NUMBER,CS_CAT_SUITE_NUMBER,PR_SHARING_WITH) values (252,7,620,null,null,null);
Insert into HVK_PET_RESERVATION (PET_RES_NUMBER,PET_PET_NUMBER,RES_RESERVATION_NUMBER,RUN_RUN_NUMBER,CS_CAT_SUITE_NUMBER,PR_SHARING_WITH) values (253,30,701,null,null,null);
Insert into HVK_PET_RESERVATION (PET_RES_NUMBER,PET_PET_NUMBER,RES_RESERVATION_NUMBER,RUN_RUN_NUMBER,CS_CAT_SUITE_NUMBER,PR_SHARING_WITH) values (254,33,702,null,null,null);
Insert into HVK_PET_RESERVATION (PET_RES_NUMBER,PET_PET_NUMBER,RES_RESERVATION_NUMBER,RUN_RUN_NUMBER,CS_CAT_SUITE_NUMBER,PR_SHARING_WITH) values (255,2,703,null,null,null);
Insert into HVK_PET_RESERVATION (PET_RES_NUMBER,PET_PET_NUMBER,RES_RESERVATION_NUMBER,RUN_RUN_NUMBER,CS_CAT_SUITE_NUMBER,PR_SHARING_WITH) values (256,32,704,null,null,null);
Insert into HVK_PET_RESERVATION (PET_RES_NUMBER,PET_PET_NUMBER,RES_RESERVATION_NUMBER,RUN_RUN_NUMBER,CS_CAT_SUITE_NUMBER,PR_SHARING_WITH) values (257,34,705,null,null,null);
Insert into HVK_PET_RESERVATION (PET_RES_NUMBER,PET_PET_NUMBER,RES_RESERVATION_NUMBER,RUN_RUN_NUMBER,CS_CAT_SUITE_NUMBER,PR_SHARING_WITH) values (261,1,703,null,null,null);
Insert into HVK_PET_RESERVATION (PET_RES_NUMBER,PET_PET_NUMBER,RES_RESERVATION_NUMBER,RUN_RUN_NUMBER,CS_CAT_SUITE_NUMBER,PR_SHARING_WITH) values (264,6,115,17,null,null);
Insert into HVK_PET_RESERVATION (PET_RES_NUMBER,PET_PET_NUMBER,RES_RESERVATION_NUMBER,RUN_RUN_NUMBER,CS_CAT_SUITE_NUMBER,PR_SHARING_WITH) values (268,12,709,null,null,null);
Insert into HVK_PET_RESERVATION (PET_RES_NUMBER,PET_PET_NUMBER,RES_RESERVATION_NUMBER,RUN_RUN_NUMBER,CS_CAT_SUITE_NUMBER,PR_SHARING_WITH) values (270,27,713,null,null,null);
Insert into HVK_PET_RESERVATION (PET_RES_NUMBER,PET_PET_NUMBER,RES_RESERVATION_NUMBER,RUN_RUN_NUMBER,CS_CAT_SUITE_NUMBER,PR_SHARING_WITH) values (271,28,713,null,null,null);
Insert into HVK_PET_RESERVATION (PET_RES_NUMBER,PET_PET_NUMBER,RES_RESERVATION_NUMBER,RUN_RUN_NUMBER,CS_CAT_SUITE_NUMBER,PR_SHARING_WITH) values (272,31,145,11,null,null);
Insert into HVK_PET_RESERVATION (PET_RES_NUMBER,PET_PET_NUMBER,RES_RESERVATION_NUMBER,RUN_RUN_NUMBER,CS_CAT_SUITE_NUMBER,PR_SHARING_WITH) values (273,31,717,null,null,215);
Insert into HVK_PET_RESERVATION (PET_RES_NUMBER,PET_PET_NUMBER,RES_RESERVATION_NUMBER,RUN_RUN_NUMBER,CS_CAT_SUITE_NUMBER,PR_SHARING_WITH) values (274,32,717,null,null,null);
Insert into HVK_PET_RESERVATION (PET_RES_NUMBER,PET_PET_NUMBER,RES_RESERVATION_NUMBER,RUN_RUN_NUMBER,CS_CAT_SUITE_NUMBER,PR_SHARING_WITH) values (275,36,722,null,1,null);
Insert into HVK_PET_RESERVATION (PET_RES_NUMBER,PET_PET_NUMBER,RES_RESERVATION_NUMBER,RUN_RUN_NUMBER,CS_CAT_SUITE_NUMBER,PR_SHARING_WITH) values (276,37,723,null,2,null);
Insert into HVK_PET_RESERVATION (PET_RES_NUMBER,PET_PET_NUMBER,RES_RESERVATION_NUMBER,RUN_RUN_NUMBER,CS_CAT_SUITE_NUMBER,PR_SHARING_WITH) values (277,38,724,null,3,null);
Insert into HVK_PET_RESERVATION (PET_RES_NUMBER,PET_PET_NUMBER,RES_RESERVATION_NUMBER,RUN_RUN_NUMBER,CS_CAT_SUITE_NUMBER,PR_SHARING_WITH) values (283,8,11,null,2,null);
Insert into HVK_PET_RESERVATION (PET_RES_NUMBER,PET_PET_NUMBER,RES_RESERVATION_NUMBER,RUN_RUN_NUMBER,CS_CAT_SUITE_NUMBER,PR_SHARING_WITH) values (298,11,148,17,null,299);
Insert into HVK_PET_RESERVATION (PET_RES_NUMBER,PET_PET_NUMBER,RES_RESERVATION_NUMBER,RUN_RUN_NUMBER,CS_CAT_SUITE_NUMBER,PR_SHARING_WITH) values (299,10,148,17,null,298);
Insert into HVK_PET_RESERVATION (PET_RES_NUMBER,PET_PET_NUMBER,RES_RESERVATION_NUMBER,RUN_RUN_NUMBER,CS_CAT_SUITE_NUMBER,PR_SHARING_WITH) values (404,10,802,null,null,null);
Insert into HVK_PET_RESERVATION (PET_RES_NUMBER,PET_PET_NUMBER,RES_RESERVATION_NUMBER,RUN_RUN_NUMBER,CS_CAT_SUITE_NUMBER,PR_SHARING_WITH) values (405,11,802,null,null,null);
Insert into HVK_PET_RESERVATION (PET_RES_NUMBER,PET_PET_NUMBER,RES_RESERVATION_NUMBER,RUN_RUN_NUMBER,CS_CAT_SUITE_NUMBER,PR_SHARING_WITH) values (406,3,803,null,null,null);
Insert into HVK_PET_RESERVATION (PET_RES_NUMBER,PET_PET_NUMBER,RES_RESERVATION_NUMBER,RUN_RUN_NUMBER,CS_CAT_SUITE_NUMBER,PR_SHARING_WITH) values (407,4,803,null,1,null);
Insert into HVK_PET_RESERVATION (PET_RES_NUMBER,PET_PET_NUMBER,RES_RESERVATION_NUMBER,RUN_RUN_NUMBER,CS_CAT_SUITE_NUMBER,PR_SHARING_WITH) values (408,5,803,null,2,null);
Insert into HVK_PET_RESERVATION (PET_RES_NUMBER,PET_PET_NUMBER,RES_RESERVATION_NUMBER,RUN_RUN_NUMBER,CS_CAT_SUITE_NUMBER,PR_SHARING_WITH) values (409,6,803,null,null,null);
Insert into HVK_PET_RESERVATION (PET_RES_NUMBER,PET_PET_NUMBER,RES_RESERVATION_NUMBER,RUN_RUN_NUMBER,CS_CAT_SUITE_NUMBER,PR_SHARING_WITH) values (410,10,804,null,null,null);
Insert into HVK_PET_RESERVATION (PET_RES_NUMBER,PET_PET_NUMBER,RES_RESERVATION_NUMBER,RUN_RUN_NUMBER,CS_CAT_SUITE_NUMBER,PR_SHARING_WITH) values (411,11,804,null,null,null);
Insert into HVK_PET_RESERVATION (PET_RES_NUMBER,PET_PET_NUMBER,RES_RESERVATION_NUMBER,RUN_RUN_NUMBER,CS_CAT_SUITE_NUMBER,PR_SHARING_WITH) values (412,12,804,null,null,null);
Insert into HVK_PET_RESERVATION (PET_RES_NUMBER,PET_PET_NUMBER,RES_RESERVATION_NUMBER,RUN_RUN_NUMBER,CS_CAT_SUITE_NUMBER,PR_SHARING_WITH) values (418,4,806,null,2,null);
Insert into HVK_PET_RESERVATION (PET_RES_NUMBER,PET_PET_NUMBER,RES_RESERVATION_NUMBER,RUN_RUN_NUMBER,CS_CAT_SUITE_NUMBER,PR_SHARING_WITH) values (419,5,806,null,3,null);
Insert into HVK_PET_RESERVATION (PET_RES_NUMBER,PET_PET_NUMBER,RES_RESERVATION_NUMBER,RUN_RUN_NUMBER,CS_CAT_SUITE_NUMBER,PR_SHARING_WITH) values (421,8,807,null,1,null);
Insert into HVK_PET_RESERVATION (PET_RES_NUMBER,PET_PET_NUMBER,RES_RESERVATION_NUMBER,RUN_RUN_NUMBER,CS_CAT_SUITE_NUMBER,PR_SHARING_WITH) values (284,6,636,null,null,285);
Insert into HVK_PET_RESERVATION (PET_RES_NUMBER,PET_PET_NUMBER,RES_RESERVATION_NUMBER,RUN_RUN_NUMBER,CS_CAT_SUITE_NUMBER,PR_SHARING_WITH) values (285,3,636,null,null,284);
Insert into HVK_PET_RESERVATION (PET_RES_NUMBER,PET_PET_NUMBER,RES_RESERVATION_NUMBER,RUN_RUN_NUMBER,CS_CAT_SUITE_NUMBER,PR_SHARING_WITH) values (286,1,594,24,null,287);
Insert into HVK_PET_RESERVATION (PET_RES_NUMBER,PET_PET_NUMBER,RES_RESERVATION_NUMBER,RUN_RUN_NUMBER,CS_CAT_SUITE_NUMBER,PR_SHARING_WITH) values (287,2,594,24,null,286);
Insert into HVK_PET_RESERVATION (PET_RES_NUMBER,PET_PET_NUMBER,RES_RESERVATION_NUMBER,RUN_RUN_NUMBER,CS_CAT_SUITE_NUMBER,PR_SHARING_WITH) values (288,26,601,null,null,289);
Insert into HVK_PET_RESERVATION (PET_RES_NUMBER,PET_PET_NUMBER,RES_RESERVATION_NUMBER,RUN_RUN_NUMBER,CS_CAT_SUITE_NUMBER,PR_SHARING_WITH) values (289,27,601,null,null,288);
Insert into HVK_PET_RESERVATION (PET_RES_NUMBER,PET_PET_NUMBER,RES_RESERVATION_NUMBER,RUN_RUN_NUMBER,CS_CAT_SUITE_NUMBER,PR_SHARING_WITH) values (292,31,603,null,null,293);
Insert into HVK_PET_RESERVATION (PET_RES_NUMBER,PET_PET_NUMBER,RES_RESERVATION_NUMBER,RUN_RUN_NUMBER,CS_CAT_SUITE_NUMBER,PR_SHARING_WITH) values (293,32,603,null,null,292);
Insert into HVK_PET_RESERVATION (PET_RES_NUMBER,PET_PET_NUMBER,RES_RESERVATION_NUMBER,RUN_RUN_NUMBER,CS_CAT_SUITE_NUMBER,PR_SHARING_WITH) values (294,11,605,null,null,295);
Insert into HVK_PET_RESERVATION (PET_RES_NUMBER,PET_PET_NUMBER,RES_RESERVATION_NUMBER,RUN_RUN_NUMBER,CS_CAT_SUITE_NUMBER,PR_SHARING_WITH) values (295,12,605,null,null,294);
Insert into HVK_PET_RESERVATION (PET_RES_NUMBER,PET_PET_NUMBER,RES_RESERVATION_NUMBER,RUN_RUN_NUMBER,CS_CAT_SUITE_NUMBER,PR_SHARING_WITH) values (296,26,140,2,null,297);
Insert into HVK_PET_RESERVATION (PET_RES_NUMBER,PET_PET_NUMBER,RES_RESERVATION_NUMBER,RUN_RUN_NUMBER,CS_CAT_SUITE_NUMBER,PR_SHARING_WITH) values (297,28,140,2,null,296);
Insert into HVK_PET_RESERVATION (PET_RES_NUMBER,PET_PET_NUMBER,RES_RESERVATION_NUMBER,RUN_RUN_NUMBER,CS_CAT_SUITE_NUMBER,PR_SHARING_WITH) values (300,1,112,20,null,301);
Insert into HVK_PET_RESERVATION (PET_RES_NUMBER,PET_PET_NUMBER,RES_RESERVATION_NUMBER,RUN_RUN_NUMBER,CS_CAT_SUITE_NUMBER,PR_SHARING_WITH) values (301,2,112,20,null,300);
Insert into HVK_PET_RESERVATION (PET_RES_NUMBER,PET_PET_NUMBER,RES_RESERVATION_NUMBER,RUN_RUN_NUMBER,CS_CAT_SUITE_NUMBER,PR_SHARING_WITH) values (302,1,100,20,null,303);
Insert into HVK_PET_RESERVATION (PET_RES_NUMBER,PET_PET_NUMBER,RES_RESERVATION_NUMBER,RUN_RUN_NUMBER,CS_CAT_SUITE_NUMBER,PR_SHARING_WITH) values (303,2,100,20,null,302);
Insert into HVK_PET_RESERVATION (PET_RES_NUMBER,PET_PET_NUMBER,RES_RESERVATION_NUMBER,RUN_RUN_NUMBER,CS_CAT_SUITE_NUMBER,PR_SHARING_WITH) values (304,3,106,17,null,305);
Insert into HVK_PET_RESERVATION (PET_RES_NUMBER,PET_PET_NUMBER,RES_RESERVATION_NUMBER,RUN_RUN_NUMBER,CS_CAT_SUITE_NUMBER,PR_SHARING_WITH) values (305,6,106,17,null,304);
Insert into HVK_PET_RESERVATION (PET_RES_NUMBER,PET_PET_NUMBER,RES_RESERVATION_NUMBER,RUN_RUN_NUMBER,CS_CAT_SUITE_NUMBER,PR_SHARING_WITH) values (306,11,110,24,null,307);
Insert into HVK_PET_RESERVATION (PET_RES_NUMBER,PET_PET_NUMBER,RES_RESERVATION_NUMBER,RUN_RUN_NUMBER,CS_CAT_SUITE_NUMBER,PR_SHARING_WITH) values (307,12,110,24,null,306);
Insert into HVK_PET_RESERVATION (PET_RES_NUMBER,PET_PET_NUMBER,RES_RESERVATION_NUMBER,RUN_RUN_NUMBER,CS_CAT_SUITE_NUMBER,PR_SHARING_WITH) values (308,5,5,null,3,309);
Insert into HVK_PET_RESERVATION (PET_RES_NUMBER,PET_PET_NUMBER,RES_RESERVATION_NUMBER,RUN_RUN_NUMBER,CS_CAT_SUITE_NUMBER,PR_SHARING_WITH) values (309,4,5,null,3,308);
Insert into HVK_PET_RESERVATION (PET_RES_NUMBER,PET_PET_NUMBER,RES_RESERVATION_NUMBER,RUN_RUN_NUMBER,CS_CAT_SUITE_NUMBER,PR_SHARING_WITH) values (400,31,800,null,null,401);
Insert into HVK_PET_RESERVATION (PET_RES_NUMBER,PET_PET_NUMBER,RES_RESERVATION_NUMBER,RUN_RUN_NUMBER,CS_CAT_SUITE_NUMBER,PR_SHARING_WITH) values (401,32,800,null,null,400);
Insert into HVK_PET_RESERVATION (PET_RES_NUMBER,PET_PET_NUMBER,RES_RESERVATION_NUMBER,RUN_RUN_NUMBER,CS_CAT_SUITE_NUMBER,PR_SHARING_WITH) values (402,26,801,null,null,403);
Insert into HVK_PET_RESERVATION (PET_RES_NUMBER,PET_PET_NUMBER,RES_RESERVATION_NUMBER,RUN_RUN_NUMBER,CS_CAT_SUITE_NUMBER,PR_SHARING_WITH) values (403,27,801,null,null,402);
Insert into HVK_PET_RESERVATION (PET_RES_NUMBER,PET_PET_NUMBER,RES_RESERVATION_NUMBER,RUN_RUN_NUMBER,CS_CAT_SUITE_NUMBER,PR_SHARING_WITH) values (413,3,805,null,null,416);
Insert into HVK_PET_RESERVATION (PET_RES_NUMBER,PET_PET_NUMBER,RES_RESERVATION_NUMBER,RUN_RUN_NUMBER,CS_CAT_SUITE_NUMBER,PR_SHARING_WITH) values (414,4,805,null,3,415);
Insert into HVK_PET_RESERVATION (PET_RES_NUMBER,PET_PET_NUMBER,RES_RESERVATION_NUMBER,RUN_RUN_NUMBER,CS_CAT_SUITE_NUMBER,PR_SHARING_WITH) values (415,5,805,null,3,414);
Insert into HVK_PET_RESERVATION (PET_RES_NUMBER,PET_PET_NUMBER,RES_RESERVATION_NUMBER,RUN_RUN_NUMBER,CS_CAT_SUITE_NUMBER,PR_SHARING_WITH) values (416,6,805,null,null,413);
Insert into HVK_PET_RESERVATION (PET_RES_NUMBER,PET_PET_NUMBER,RES_RESERVATION_NUMBER,RUN_RUN_NUMBER,CS_CAT_SUITE_NUMBER,PR_SHARING_WITH) values (417,3,806,null,null,420);
Insert into HVK_PET_RESERVATION (PET_RES_NUMBER,PET_PET_NUMBER,RES_RESERVATION_NUMBER,RUN_RUN_NUMBER,CS_CAT_SUITE_NUMBER,PR_SHARING_WITH) values (420,6,806,null,null,417);
Insert into HVK_PET_RESERVATION (PET_RES_NUMBER,PET_PET_NUMBER,RES_RESERVATION_NUMBER,RUN_RUN_NUMBER,CS_CAT_SUITE_NUMBER,PR_SHARING_WITH) values (310,4,725,null,3,311);
Insert into HVK_PET_RESERVATION (PET_RES_NUMBER,PET_PET_NUMBER,RES_RESERVATION_NUMBER,RUN_RUN_NUMBER,CS_CAT_SUITE_NUMBER,PR_SHARING_WITH) values (311,5,725,null,3,310);
Insert into HVK_PET_RESERVATION (PET_RES_NUMBER,PET_PET_NUMBER,RES_RESERVATION_NUMBER,RUN_RUN_NUMBER,CS_CAT_SUITE_NUMBER,PR_SHARING_WITH) values (422,36,808,null,1,null);
Insert into HVK_PET_RESERVATION (PET_RES_NUMBER,PET_PET_NUMBER,RES_RESERVATION_NUMBER,RUN_RUN_NUMBER,CS_CAT_SUITE_NUMBER,PR_SHARING_WITH) values (423,13,808,null,null,null);
Insert into HVK_PET_RESERVATION (PET_RES_NUMBER,PET_PET_NUMBER,RES_RESERVATION_NUMBER,RUN_RUN_NUMBER,CS_CAT_SUITE_NUMBER,PR_SHARING_WITH) values (424,11,809,null,null,425);
Insert into HVK_PET_RESERVATION (PET_RES_NUMBER,PET_PET_NUMBER,RES_RESERVATION_NUMBER,RUN_RUN_NUMBER,CS_CAT_SUITE_NUMBER,PR_SHARING_WITH) values (425,12,809,null,null,424);
Insert into HVK_PET_RESERVATION (PET_RES_NUMBER,PET_PET_NUMBER,RES_RESERVATION_NUMBER,RUN_RUN_NUMBER,CS_CAT_SUITE_NUMBER,PR_SHARING_WITH) values (426,33,810,null,null,null);
Insert into HVK_PET_RESERVATION (PET_RES_NUMBER,PET_PET_NUMBER,RES_RESERVATION_NUMBER,RUN_RUN_NUMBER,CS_CAT_SUITE_NUMBER,PR_SHARING_WITH) values (427,13,811,null,null,null);
-- INSERTING into HVK_PET_RESERVATION_DISCOUNT
/* SET DEFINE OFF; */
Insert into HVK_PET_RESERVATION_DISCOUNT (DISC_DISCOUNT_NUMBER,PR_PET_RES_NUMBER) values (1,284);
Insert into HVK_PET_RESERVATION_DISCOUNT (DISC_DISCOUNT_NUMBER,PR_PET_RES_NUMBER) values (1,285);
Insert into HVK_PET_RESERVATION_DISCOUNT (DISC_DISCOUNT_NUMBER,PR_PET_RES_NUMBER) values (1,286);
Insert into HVK_PET_RESERVATION_DISCOUNT (DISC_DISCOUNT_NUMBER,PR_PET_RES_NUMBER) values (1,287);
Insert into HVK_PET_RESERVATION_DISCOUNT (DISC_DISCOUNT_NUMBER,PR_PET_RES_NUMBER) values (1,288);
Insert into HVK_PET_RESERVATION_DISCOUNT (DISC_DISCOUNT_NUMBER,PR_PET_RES_NUMBER) values (1,289);
Insert into HVK_PET_RESERVATION_DISCOUNT (DISC_DISCOUNT_NUMBER,PR_PET_RES_NUMBER) values (1,292);
Insert into HVK_PET_RESERVATION_DISCOUNT (DISC_DISCOUNT_NUMBER,PR_PET_RES_NUMBER) values (1,293);
Insert into HVK_PET_RESERVATION_DISCOUNT (DISC_DISCOUNT_NUMBER,PR_PET_RES_NUMBER) values (1,294);
Insert into HVK_PET_RESERVATION_DISCOUNT (DISC_DISCOUNT_NUMBER,PR_PET_RES_NUMBER) values (1,295);
Insert into HVK_PET_RESERVATION_DISCOUNT (DISC_DISCOUNT_NUMBER,PR_PET_RES_NUMBER) values (1,296);
Insert into HVK_PET_RESERVATION_DISCOUNT (DISC_DISCOUNT_NUMBER,PR_PET_RES_NUMBER) values (1,297);
Insert into HVK_PET_RESERVATION_DISCOUNT (DISC_DISCOUNT_NUMBER,PR_PET_RES_NUMBER) values (1,300);
Insert into HVK_PET_RESERVATION_DISCOUNT (DISC_DISCOUNT_NUMBER,PR_PET_RES_NUMBER) values (1,301);
Insert into HVK_PET_RESERVATION_DISCOUNT (DISC_DISCOUNT_NUMBER,PR_PET_RES_NUMBER) values (1,302);
Insert into HVK_PET_RESERVATION_DISCOUNT (DISC_DISCOUNT_NUMBER,PR_PET_RES_NUMBER) values (1,303);
Insert into HVK_PET_RESERVATION_DISCOUNT (DISC_DISCOUNT_NUMBER,PR_PET_RES_NUMBER) values (1,304);
Insert into HVK_PET_RESERVATION_DISCOUNT (DISC_DISCOUNT_NUMBER,PR_PET_RES_NUMBER) values (1,305);
Insert into HVK_PET_RESERVATION_DISCOUNT (DISC_DISCOUNT_NUMBER,PR_PET_RES_NUMBER) values (1,306);
Insert into HVK_PET_RESERVATION_DISCOUNT (DISC_DISCOUNT_NUMBER,PR_PET_RES_NUMBER) values (1,307);
Insert into HVK_PET_RESERVATION_DISCOUNT (DISC_DISCOUNT_NUMBER,PR_PET_RES_NUMBER) values (1,308);
Insert into HVK_PET_RESERVATION_DISCOUNT (DISC_DISCOUNT_NUMBER,PR_PET_RES_NUMBER) values (1,309);
Insert into HVK_PET_RESERVATION_DISCOUNT (DISC_DISCOUNT_NUMBER,PR_PET_RES_NUMBER) values (3,306);
Insert into HVK_PET_RESERVATION_DISCOUNT (DISC_DISCOUNT_NUMBER,PR_PET_RES_NUMBER) values (3,307);
-- INSERTING into HVK_PET_RESERVATION_SERVICE
/* SET DEFINE OFF; */
Insert into HVK_PET_RESERVATION_SERVICE (SERVICE_FREQUENCY,PR_PET_RES_NUMBER,SERV_SERVICE_NUMBER) values (null,264,4);
Insert into HVK_PET_RESERVATION_SERVICE (SERVICE_FREQUENCY,PR_PET_RES_NUMBER,SERV_SERVICE_NUMBER) values (null,200,1);
Insert into HVK_PET_RESERVATION_SERVICE (SERVICE_FREQUENCY,PR_PET_RES_NUMBER,SERV_SERVICE_NUMBER) values (null,201,1);
Insert into HVK_PET_RESERVATION_SERVICE (SERVICE_FREQUENCY,PR_PET_RES_NUMBER,SERV_SERVICE_NUMBER) values (null,202,1);
Insert into HVK_PET_RESERVATION_SERVICE (SERVICE_FREQUENCY,PR_PET_RES_NUMBER,SERV_SERVICE_NUMBER) values (null,204,1);
Insert into HVK_PET_RESERVATION_SERVICE (SERVICE_FREQUENCY,PR_PET_RES_NUMBER,SERV_SERVICE_NUMBER) values (null,205,1);
Insert into HVK_PET_RESERVATION_SERVICE (SERVICE_FREQUENCY,PR_PET_RES_NUMBER,SERV_SERVICE_NUMBER) values (null,206,1);
Insert into HVK_PET_RESERVATION_SERVICE (SERVICE_FREQUENCY,PR_PET_RES_NUMBER,SERV_SERVICE_NUMBER) values (null,219,1);
Insert into HVK_PET_RESERVATION_SERVICE (SERVICE_FREQUENCY,PR_PET_RES_NUMBER,SERV_SERVICE_NUMBER) values (null,225,1);
Insert into HVK_PET_RESERVATION_SERVICE (SERVICE_FREQUENCY,PR_PET_RES_NUMBER,SERV_SERVICE_NUMBER) values (null,225,5);
Insert into HVK_PET_RESERVATION_SERVICE (SERVICE_FREQUENCY,PR_PET_RES_NUMBER,SERV_SERVICE_NUMBER) values (null,231,1);
Insert into HVK_PET_RESERVATION_SERVICE (SERVICE_FREQUENCY,PR_PET_RES_NUMBER,SERV_SERVICE_NUMBER) values (null,231,5);
Insert into HVK_PET_RESERVATION_SERVICE (SERVICE_FREQUENCY,PR_PET_RES_NUMBER,SERV_SERVICE_NUMBER) values (null,223,1);
Insert into HVK_PET_RESERVATION_SERVICE (SERVICE_FREQUENCY,PR_PET_RES_NUMBER,SERV_SERVICE_NUMBER) values (null,223,2);
Insert into HVK_PET_RESERVATION_SERVICE (SERVICE_FREQUENCY,PR_PET_RES_NUMBER,SERV_SERVICE_NUMBER) values (null,224,1);
Insert into HVK_PET_RESERVATION_SERVICE (SERVICE_FREQUENCY,PR_PET_RES_NUMBER,SERV_SERVICE_NUMBER) values (null,224,5);
Insert into HVK_PET_RESERVATION_SERVICE (SERVICE_FREQUENCY,PR_PET_RES_NUMBER,SERV_SERVICE_NUMBER) values (2,224,3);
Insert into HVK_PET_RESERVATION_SERVICE (SERVICE_FREQUENCY,PR_PET_RES_NUMBER,SERV_SERVICE_NUMBER) values (null,229,1);
Insert into HVK_PET_RESERVATION_SERVICE (SERVICE_FREQUENCY,PR_PET_RES_NUMBER,SERV_SERVICE_NUMBER) values (null,229,2);
Insert into HVK_PET_RESERVATION_SERVICE (SERVICE_FREQUENCY,PR_PET_RES_NUMBER,SERV_SERVICE_NUMBER) values (1,229,3);
Insert into HVK_PET_RESERVATION_SERVICE (SERVICE_FREQUENCY,PR_PET_RES_NUMBER,SERV_SERVICE_NUMBER) values (null,230,1);
Insert into HVK_PET_RESERVATION_SERVICE (SERVICE_FREQUENCY,PR_PET_RES_NUMBER,SERV_SERVICE_NUMBER) values (null,230,5);
Insert into HVK_PET_RESERVATION_SERVICE (SERVICE_FREQUENCY,PR_PET_RES_NUMBER,SERV_SERVICE_NUMBER) values (null,264,1);
Insert into HVK_PET_RESERVATION_SERVICE (SERVICE_FREQUENCY,PR_PET_RES_NUMBER,SERV_SERVICE_NUMBER) values (null,264,5);
Insert into HVK_PET_RESERVATION_SERVICE (SERVICE_FREQUENCY,PR_PET_RES_NUMBER,SERV_SERVICE_NUMBER) values (1,264,3);
Insert into HVK_PET_RESERVATION_SERVICE (SERVICE_FREQUENCY,PR_PET_RES_NUMBER,SERV_SERVICE_NUMBER) values (null,232,1);
Insert into HVK_PET_RESERVATION_SERVICE (SERVICE_FREQUENCY,PR_PET_RES_NUMBER,SERV_SERVICE_NUMBER) values (null,232,5);
Insert into HVK_PET_RESERVATION_SERVICE (SERVICE_FREQUENCY,PR_PET_RES_NUMBER,SERV_SERVICE_NUMBER) values (null,228,1);
Insert into HVK_PET_RESERVATION_SERVICE (SERVICE_FREQUENCY,PR_PET_RES_NUMBER,SERV_SERVICE_NUMBER) values (null,228,2);
Insert into HVK_PET_RESERVATION_SERVICE (SERVICE_FREQUENCY,PR_PET_RES_NUMBER,SERV_SERVICE_NUMBER) values (null,226,1);
Insert into HVK_PET_RESERVATION_SERVICE (SERVICE_FREQUENCY,PR_PET_RES_NUMBER,SERV_SERVICE_NUMBER) values (null,227,1);
Insert into HVK_PET_RESERVATION_SERVICE (SERVICE_FREQUENCY,PR_PET_RES_NUMBER,SERV_SERVICE_NUMBER) values (null,233,1);
Insert into HVK_PET_RESERVATION_SERVICE (SERVICE_FREQUENCY,PR_PET_RES_NUMBER,SERV_SERVICE_NUMBER) values (null,233,2);
Insert into HVK_PET_RESERVATION_SERVICE (SERVICE_FREQUENCY,PR_PET_RES_NUMBER,SERV_SERVICE_NUMBER) values (null,234,1);
Insert into HVK_PET_RESERVATION_SERVICE (SERVICE_FREQUENCY,PR_PET_RES_NUMBER,SERV_SERVICE_NUMBER) values (null,235,1);
Insert into HVK_PET_RESERVATION_SERVICE (SERVICE_FREQUENCY,PR_PET_RES_NUMBER,SERV_SERVICE_NUMBER) values (null,236,1);
Insert into HVK_PET_RESERVATION_SERVICE (SERVICE_FREQUENCY,PR_PET_RES_NUMBER,SERV_SERVICE_NUMBER) values (null,237,1);
Insert into HVK_PET_RESERVATION_SERVICE (SERVICE_FREQUENCY,PR_PET_RES_NUMBER,SERV_SERVICE_NUMBER) values (null,239,1);
Insert into HVK_PET_RESERVATION_SERVICE (SERVICE_FREQUENCY,PR_PET_RES_NUMBER,SERV_SERVICE_NUMBER) values (null,240,1);
Insert into HVK_PET_RESERVATION_SERVICE (SERVICE_FREQUENCY,PR_PET_RES_NUMBER,SERV_SERVICE_NUMBER) values (null,241,1);
Insert into HVK_PET_RESERVATION_SERVICE (SERVICE_FREQUENCY,PR_PET_RES_NUMBER,SERV_SERVICE_NUMBER) values (null,242,1);
Insert into HVK_PET_RESERVATION_SERVICE (SERVICE_FREQUENCY,PR_PET_RES_NUMBER,SERV_SERVICE_NUMBER) values (null,243,1);
Insert into HVK_PET_RESERVATION_SERVICE (SERVICE_FREQUENCY,PR_PET_RES_NUMBER,SERV_SERVICE_NUMBER) values (null,272,1);
Insert into HVK_PET_RESERVATION_SERVICE (SERVICE_FREQUENCY,PR_PET_RES_NUMBER,SERV_SERVICE_NUMBER) values (null,298,1);
Insert into HVK_PET_RESERVATION_SERVICE (SERVICE_FREQUENCY,PR_PET_RES_NUMBER,SERV_SERVICE_NUMBER) values (null,249,1);
Insert into HVK_PET_RESERVATION_SERVICE (SERVICE_FREQUENCY,PR_PET_RES_NUMBER,SERV_SERVICE_NUMBER) values (null,249,5);
Insert into HVK_PET_RESERVATION_SERVICE (SERVICE_FREQUENCY,PR_PET_RES_NUMBER,SERV_SERVICE_NUMBER) values (1,249,3);
Insert into HVK_PET_RESERVATION_SERVICE (SERVICE_FREQUENCY,PR_PET_RES_NUMBER,SERV_SERVICE_NUMBER) values (1,237,3);
Insert into HVK_PET_RESERVATION_SERVICE (SERVICE_FREQUENCY,PR_PET_RES_NUMBER,SERV_SERVICE_NUMBER) values (null,240,4);
Insert into HVK_PET_RESERVATION_SERVICE (SERVICE_FREQUENCY,PR_PET_RES_NUMBER,SERV_SERVICE_NUMBER) values (2,233,3);
Insert into HVK_PET_RESERVATION_SERVICE (SERVICE_FREQUENCY,PR_PET_RES_NUMBER,SERV_SERVICE_NUMBER) values (3,234,3);
Insert into HVK_PET_RESERVATION_SERVICE (SERVICE_FREQUENCY,PR_PET_RES_NUMBER,SERV_SERVICE_NUMBER) values (null,234,5);
Insert into HVK_PET_RESERVATION_SERVICE (SERVICE_FREQUENCY,PR_PET_RES_NUMBER,SERV_SERVICE_NUMBER) values (null,234,2);
Insert into HVK_PET_RESERVATION_SERVICE (SERVICE_FREQUENCY,PR_PET_RES_NUMBER,SERV_SERVICE_NUMBER) values (null,250,1);
Insert into HVK_PET_RESERVATION_SERVICE (SERVICE_FREQUENCY,PR_PET_RES_NUMBER,SERV_SERVICE_NUMBER) values (null,252,1);
Insert into HVK_PET_RESERVATION_SERVICE (SERVICE_FREQUENCY,PR_PET_RES_NUMBER,SERV_SERVICE_NUMBER) values (null,251,1);
Insert into HVK_PET_RESERVATION_SERVICE (SERVICE_FREQUENCY,PR_PET_RES_NUMBER,SERV_SERVICE_NUMBER) values (null,253,1);
Insert into HVK_PET_RESERVATION_SERVICE (SERVICE_FREQUENCY,PR_PET_RES_NUMBER,SERV_SERVICE_NUMBER) values (null,254,1);
Insert into HVK_PET_RESERVATION_SERVICE (SERVICE_FREQUENCY,PR_PET_RES_NUMBER,SERV_SERVICE_NUMBER) values (null,255,1);
Insert into HVK_PET_RESERVATION_SERVICE (SERVICE_FREQUENCY,PR_PET_RES_NUMBER,SERV_SERVICE_NUMBER) values (null,256,1);
Insert into HVK_PET_RESERVATION_SERVICE (SERVICE_FREQUENCY,PR_PET_RES_NUMBER,SERV_SERVICE_NUMBER) values (null,257,1);
Insert into HVK_PET_RESERVATION_SERVICE (SERVICE_FREQUENCY,PR_PET_RES_NUMBER,SERV_SERVICE_NUMBER) values (null,261,1);
Insert into HVK_PET_RESERVATION_SERVICE (SERVICE_FREQUENCY,PR_PET_RES_NUMBER,SERV_SERVICE_NUMBER) values (null,299,1);
Insert into HVK_PET_RESERVATION_SERVICE (SERVICE_FREQUENCY,PR_PET_RES_NUMBER,SERV_SERVICE_NUMBER) values (null,277,1);
Insert into HVK_PET_RESERVATION_SERVICE (SERVICE_FREQUENCY,PR_PET_RES_NUMBER,SERV_SERVICE_NUMBER) values (null,276,1);
Insert into HVK_PET_RESERVATION_SERVICE (SERVICE_FREQUENCY,PR_PET_RES_NUMBER,SERV_SERVICE_NUMBER) values (null,275,1);
Insert into HVK_PET_RESERVATION_SERVICE (SERVICE_FREQUENCY,PR_PET_RES_NUMBER,SERV_SERVICE_NUMBER) values (null,207,1);
Insert into HVK_PET_RESERVATION_SERVICE (SERVICE_FREQUENCY,PR_PET_RES_NUMBER,SERV_SERVICE_NUMBER) values (null,208,1);
Insert into HVK_PET_RESERVATION_SERVICE (SERVICE_FREQUENCY,PR_PET_RES_NUMBER,SERV_SERVICE_NUMBER) values (null,209,1);
Insert into HVK_PET_RESERVATION_SERVICE (SERVICE_FREQUENCY,PR_PET_RES_NUMBER,SERV_SERVICE_NUMBER) values (null,210,1);
Insert into HVK_PET_RESERVATION_SERVICE (SERVICE_FREQUENCY,PR_PET_RES_NUMBER,SERV_SERVICE_NUMBER) values (null,211,1);
Insert into HVK_PET_RESERVATION_SERVICE (SERVICE_FREQUENCY,PR_PET_RES_NUMBER,SERV_SERVICE_NUMBER) values (null,212,1);
Insert into HVK_PET_RESERVATION_SERVICE (SERVICE_FREQUENCY,PR_PET_RES_NUMBER,SERV_SERVICE_NUMBER) values (null,213,1);
Insert into HVK_PET_RESERVATION_SERVICE (SERVICE_FREQUENCY,PR_PET_RES_NUMBER,SERV_SERVICE_NUMBER) values (null,214,1);
Insert into HVK_PET_RESERVATION_SERVICE (SERVICE_FREQUENCY,PR_PET_RES_NUMBER,SERV_SERVICE_NUMBER) values (null,215,1);
Insert into HVK_PET_RESERVATION_SERVICE (SERVICE_FREQUENCY,PR_PET_RES_NUMBER,SERV_SERVICE_NUMBER) values (null,216,1);
Insert into HVK_PET_RESERVATION_SERVICE (SERVICE_FREQUENCY,PR_PET_RES_NUMBER,SERV_SERVICE_NUMBER) values (null,217,1);
Insert into HVK_PET_RESERVATION_SERVICE (SERVICE_FREQUENCY,PR_PET_RES_NUMBER,SERV_SERVICE_NUMBER) values (null,268,1);
Insert into HVK_PET_RESERVATION_SERVICE (SERVICE_FREQUENCY,PR_PET_RES_NUMBER,SERV_SERVICE_NUMBER) values (null,270,1);
Insert into HVK_PET_RESERVATION_SERVICE (SERVICE_FREQUENCY,PR_PET_RES_NUMBER,SERV_SERVICE_NUMBER) values (null,271,1);
Insert into HVK_PET_RESERVATION_SERVICE (SERVICE_FREQUENCY,PR_PET_RES_NUMBER,SERV_SERVICE_NUMBER) values (null,273,1);
Insert into HVK_PET_RESERVATION_SERVICE (SERVICE_FREQUENCY,PR_PET_RES_NUMBER,SERV_SERVICE_NUMBER) values (null,274,1);
Insert into HVK_PET_RESERVATION_SERVICE (SERVICE_FREQUENCY,PR_PET_RES_NUMBER,SERV_SERVICE_NUMBER) values (null,404,1);
Insert into HVK_PET_RESERVATION_SERVICE (SERVICE_FREQUENCY,PR_PET_RES_NUMBER,SERV_SERVICE_NUMBER) values (null,405,1);
Insert into HVK_PET_RESERVATION_SERVICE (SERVICE_FREQUENCY,PR_PET_RES_NUMBER,SERV_SERVICE_NUMBER) values (null,406,1);
Insert into HVK_PET_RESERVATION_SERVICE (SERVICE_FREQUENCY,PR_PET_RES_NUMBER,SERV_SERVICE_NUMBER) values (null,409,1);
Insert into HVK_PET_RESERVATION_SERVICE (SERVICE_FREQUENCY,PR_PET_RES_NUMBER,SERV_SERVICE_NUMBER) values (null,410,1);
Insert into HVK_PET_RESERVATION_SERVICE (SERVICE_FREQUENCY,PR_PET_RES_NUMBER,SERV_SERVICE_NUMBER) values (null,411,1);
Insert into HVK_PET_RESERVATION_SERVICE (SERVICE_FREQUENCY,PR_PET_RES_NUMBER,SERV_SERVICE_NUMBER) values (null,412,1);
Insert into HVK_PET_RESERVATION_SERVICE (SERVICE_FREQUENCY,PR_PET_RES_NUMBER,SERV_SERVICE_NUMBER) values (1,276,3);
Insert into HVK_PET_RESERVATION_SERVICE (SERVICE_FREQUENCY,PR_PET_RES_NUMBER,SERV_SERVICE_NUMBER) values (null,405,2);
Insert into HVK_PET_RESERVATION_SERVICE (SERVICE_FREQUENCY,PR_PET_RES_NUMBER,SERV_SERVICE_NUMBER) values (null,285,1);
Insert into HVK_PET_RESERVATION_SERVICE (SERVICE_FREQUENCY,PR_PET_RES_NUMBER,SERV_SERVICE_NUMBER) values (null,284,1);
Insert into HVK_PET_RESERVATION_SERVICE (SERVICE_FREQUENCY,PR_PET_RES_NUMBER,SERV_SERVICE_NUMBER) values (null,287,1);
Insert into HVK_PET_RESERVATION_SERVICE (SERVICE_FREQUENCY,PR_PET_RES_NUMBER,SERV_SERVICE_NUMBER) values (null,287,5);
Insert into HVK_PET_RESERVATION_SERVICE (SERVICE_FREQUENCY,PR_PET_RES_NUMBER,SERV_SERVICE_NUMBER) values (2,287,3);
Insert into HVK_PET_RESERVATION_SERVICE (SERVICE_FREQUENCY,PR_PET_RES_NUMBER,SERV_SERVICE_NUMBER) values (null,286,1);
Insert into HVK_PET_RESERVATION_SERVICE (SERVICE_FREQUENCY,PR_PET_RES_NUMBER,SERV_SERVICE_NUMBER) values (null,288,1);
Insert into HVK_PET_RESERVATION_SERVICE (SERVICE_FREQUENCY,PR_PET_RES_NUMBER,SERV_SERVICE_NUMBER) values (null,289,1);
Insert into HVK_PET_RESERVATION_SERVICE (SERVICE_FREQUENCY,PR_PET_RES_NUMBER,SERV_SERVICE_NUMBER) values (null,292,1);
Insert into HVK_PET_RESERVATION_SERVICE (SERVICE_FREQUENCY,PR_PET_RES_NUMBER,SERV_SERVICE_NUMBER) values (null,293,1);
Insert into HVK_PET_RESERVATION_SERVICE (SERVICE_FREQUENCY,PR_PET_RES_NUMBER,SERV_SERVICE_NUMBER) values (null,294,1);
Insert into HVK_PET_RESERVATION_SERVICE (SERVICE_FREQUENCY,PR_PET_RES_NUMBER,SERV_SERVICE_NUMBER) values (null,295,1);
Insert into HVK_PET_RESERVATION_SERVICE (SERVICE_FREQUENCY,PR_PET_RES_NUMBER,SERV_SERVICE_NUMBER) values (null,296,1);
Insert into HVK_PET_RESERVATION_SERVICE (SERVICE_FREQUENCY,PR_PET_RES_NUMBER,SERV_SERVICE_NUMBER) values (null,302,1);
Insert into HVK_PET_RESERVATION_SERVICE (SERVICE_FREQUENCY,PR_PET_RES_NUMBER,SERV_SERVICE_NUMBER) values (null,302,2);
Insert into HVK_PET_RESERVATION_SERVICE (SERVICE_FREQUENCY,PR_PET_RES_NUMBER,SERV_SERVICE_NUMBER) values (null,302,4);
Insert into HVK_PET_RESERVATION_SERVICE (SERVICE_FREQUENCY,PR_PET_RES_NUMBER,SERV_SERVICE_NUMBER) values (null,303,1);
Insert into HVK_PET_RESERVATION_SERVICE (SERVICE_FREQUENCY,PR_PET_RES_NUMBER,SERV_SERVICE_NUMBER) values (null,303,2);
Insert into HVK_PET_RESERVATION_SERVICE (SERVICE_FREQUENCY,PR_PET_RES_NUMBER,SERV_SERVICE_NUMBER) values (null,300,1);
Insert into HVK_PET_RESERVATION_SERVICE (SERVICE_FREQUENCY,PR_PET_RES_NUMBER,SERV_SERVICE_NUMBER) values (null,300,2);
Insert into HVK_PET_RESERVATION_SERVICE (SERVICE_FREQUENCY,PR_PET_RES_NUMBER,SERV_SERVICE_NUMBER) values (null,300,4);
Insert into HVK_PET_RESERVATION_SERVICE (SERVICE_FREQUENCY,PR_PET_RES_NUMBER,SERV_SERVICE_NUMBER) values (null,301,1);
Insert into HVK_PET_RESERVATION_SERVICE (SERVICE_FREQUENCY,PR_PET_RES_NUMBER,SERV_SERVICE_NUMBER) values (null,301,2);
Insert into HVK_PET_RESERVATION_SERVICE (SERVICE_FREQUENCY,PR_PET_RES_NUMBER,SERV_SERVICE_NUMBER) values (null,304,1);
Insert into HVK_PET_RESERVATION_SERVICE (SERVICE_FREQUENCY,PR_PET_RES_NUMBER,SERV_SERVICE_NUMBER) values (null,304,5);
Insert into HVK_PET_RESERVATION_SERVICE (SERVICE_FREQUENCY,PR_PET_RES_NUMBER,SERV_SERVICE_NUMBER) values (null,305,1);
Insert into HVK_PET_RESERVATION_SERVICE (SERVICE_FREQUENCY,PR_PET_RES_NUMBER,SERV_SERVICE_NUMBER) values (null,305,5);
Insert into HVK_PET_RESERVATION_SERVICE (SERVICE_FREQUENCY,PR_PET_RES_NUMBER,SERV_SERVICE_NUMBER) values (1,305,3);
Insert into HVK_PET_RESERVATION_SERVICE (SERVICE_FREQUENCY,PR_PET_RES_NUMBER,SERV_SERVICE_NUMBER) values (null,306,1);
Insert into HVK_PET_RESERVATION_SERVICE (SERVICE_FREQUENCY,PR_PET_RES_NUMBER,SERV_SERVICE_NUMBER) values (null,306,2);
Insert into HVK_PET_RESERVATION_SERVICE (SERVICE_FREQUENCY,PR_PET_RES_NUMBER,SERV_SERVICE_NUMBER) values (1,306,3);
Insert into HVK_PET_RESERVATION_SERVICE (SERVICE_FREQUENCY,PR_PET_RES_NUMBER,SERV_SERVICE_NUMBER) values (null,307,1);
Insert into HVK_PET_RESERVATION_SERVICE (SERVICE_FREQUENCY,PR_PET_RES_NUMBER,SERV_SERVICE_NUMBER) values (null,307,2);
Insert into HVK_PET_RESERVATION_SERVICE (SERVICE_FREQUENCY,PR_PET_RES_NUMBER,SERV_SERVICE_NUMBER) values (1,307,3);
Insert into HVK_PET_RESERVATION_SERVICE (SERVICE_FREQUENCY,PR_PET_RES_NUMBER,SERV_SERVICE_NUMBER) values (null,287,4);
Insert into HVK_PET_RESERVATION_SERVICE (SERVICE_FREQUENCY,PR_PET_RES_NUMBER,SERV_SERVICE_NUMBER) values (2,296,3);
Insert into HVK_PET_RESERVATION_SERVICE (SERVICE_FREQUENCY,PR_PET_RES_NUMBER,SERV_SERVICE_NUMBER) values (null,296,2);
Insert into HVK_PET_RESERVATION_SERVICE (SERVICE_FREQUENCY,PR_PET_RES_NUMBER,SERV_SERVICE_NUMBER) values (null,296,5);
Insert into HVK_PET_RESERVATION_SERVICE (SERVICE_FREQUENCY,PR_PET_RES_NUMBER,SERV_SERVICE_NUMBER) values (null,297,1);
Insert into HVK_PET_RESERVATION_SERVICE (SERVICE_FREQUENCY,PR_PET_RES_NUMBER,SERV_SERVICE_NUMBER) values (null,283,1);
Insert into HVK_PET_RESERVATION_SERVICE (SERVICE_FREQUENCY,PR_PET_RES_NUMBER,SERV_SERVICE_NUMBER) values (null,308,1);
Insert into HVK_PET_RESERVATION_SERVICE (SERVICE_FREQUENCY,PR_PET_RES_NUMBER,SERV_SERVICE_NUMBER) values (null,309,1);
Insert into HVK_PET_RESERVATION_SERVICE (SERVICE_FREQUENCY,PR_PET_RES_NUMBER,SERV_SERVICE_NUMBER) values (null,400,1);
Insert into HVK_PET_RESERVATION_SERVICE (SERVICE_FREQUENCY,PR_PET_RES_NUMBER,SERV_SERVICE_NUMBER) values (null,401,1);
Insert into HVK_PET_RESERVATION_SERVICE (SERVICE_FREQUENCY,PR_PET_RES_NUMBER,SERV_SERVICE_NUMBER) values (null,402,1);
Insert into HVK_PET_RESERVATION_SERVICE (SERVICE_FREQUENCY,PR_PET_RES_NUMBER,SERV_SERVICE_NUMBER) values (null,403,1);
Insert into HVK_PET_RESERVATION_SERVICE (SERVICE_FREQUENCY,PR_PET_RES_NUMBER,SERV_SERVICE_NUMBER) values (null,407,1);
Insert into HVK_PET_RESERVATION_SERVICE (SERVICE_FREQUENCY,PR_PET_RES_NUMBER,SERV_SERVICE_NUMBER) values (null,408,1);
Insert into HVK_PET_RESERVATION_SERVICE (SERVICE_FREQUENCY,PR_PET_RES_NUMBER,SERV_SERVICE_NUMBER) values (null,413,1);
Insert into HVK_PET_RESERVATION_SERVICE (SERVICE_FREQUENCY,PR_PET_RES_NUMBER,SERV_SERVICE_NUMBER) values (null,414,1);
Insert into HVK_PET_RESERVATION_SERVICE (SERVICE_FREQUENCY,PR_PET_RES_NUMBER,SERV_SERVICE_NUMBER) values (null,415,1);
Insert into HVK_PET_RESERVATION_SERVICE (SERVICE_FREQUENCY,PR_PET_RES_NUMBER,SERV_SERVICE_NUMBER) values (null,416,1);
Insert into HVK_PET_RESERVATION_SERVICE (SERVICE_FREQUENCY,PR_PET_RES_NUMBER,SERV_SERVICE_NUMBER) values (null,417,1);
Insert into HVK_PET_RESERVATION_SERVICE (SERVICE_FREQUENCY,PR_PET_RES_NUMBER,SERV_SERVICE_NUMBER) values (null,418,1);
Insert into HVK_PET_RESERVATION_SERVICE (SERVICE_FREQUENCY,PR_PET_RES_NUMBER,SERV_SERVICE_NUMBER) values (null,419,1);
Insert into HVK_PET_RESERVATION_SERVICE (SERVICE_FREQUENCY,PR_PET_RES_NUMBER,SERV_SERVICE_NUMBER) values (null,420,1);
Insert into HVK_PET_RESERVATION_SERVICE (SERVICE_FREQUENCY,PR_PET_RES_NUMBER,SERV_SERVICE_NUMBER) values (null,421,1);
Insert into HVK_PET_RESERVATION_SERVICE (SERVICE_FREQUENCY,PR_PET_RES_NUMBER,SERV_SERVICE_NUMBER) values (null,310,1);
Insert into HVK_PET_RESERVATION_SERVICE (SERVICE_FREQUENCY,PR_PET_RES_NUMBER,SERV_SERVICE_NUMBER) values (null,311,1);
Insert into HVK_PET_RESERVATION_SERVICE (SERVICE_FREQUENCY,PR_PET_RES_NUMBER,SERV_SERVICE_NUMBER) values (1,310,4);
Insert into HVK_PET_RESERVATION_SERVICE (SERVICE_FREQUENCY,PR_PET_RES_NUMBER,SERV_SERVICE_NUMBER) values (1,310,6);
Insert into HVK_PET_RESERVATION_SERVICE (SERVICE_FREQUENCY,PR_PET_RES_NUMBER,SERV_SERVICE_NUMBER) values (null,308,4);
Insert into HVK_PET_RESERVATION_SERVICE (SERVICE_FREQUENCY,PR_PET_RES_NUMBER,SERV_SERVICE_NUMBER) values (1,311,4);
Insert into HVK_PET_RESERVATION_SERVICE (SERVICE_FREQUENCY,PR_PET_RES_NUMBER,SERV_SERVICE_NUMBER) values (null,422,1);
Insert into HVK_PET_RESERVATION_SERVICE (SERVICE_FREQUENCY,PR_PET_RES_NUMBER,SERV_SERVICE_NUMBER) values (null,423,1);
Insert into HVK_PET_RESERVATION_SERVICE (SERVICE_FREQUENCY,PR_PET_RES_NUMBER,SERV_SERVICE_NUMBER) values (null,423,3);
Insert into HVK_PET_RESERVATION_SERVICE (SERVICE_FREQUENCY,PR_PET_RES_NUMBER,SERV_SERVICE_NUMBER) values (null,422,3);
Insert into HVK_PET_RESERVATION_SERVICE (SERVICE_FREQUENCY,PR_PET_RES_NUMBER,SERV_SERVICE_NUMBER) values (null,423,2);
Insert into HVK_PET_RESERVATION_SERVICE (SERVICE_FREQUENCY,PR_PET_RES_NUMBER,SERV_SERVICE_NUMBER) values (null,424,1);
Insert into HVK_PET_RESERVATION_SERVICE (SERVICE_FREQUENCY,PR_PET_RES_NUMBER,SERV_SERVICE_NUMBER) values (null,425,1);
Insert into HVK_PET_RESERVATION_SERVICE (SERVICE_FREQUENCY,PR_PET_RES_NUMBER,SERV_SERVICE_NUMBER) values (null,426,1);
Insert into HVK_PET_RESERVATION_SERVICE (SERVICE_FREQUENCY,PR_PET_RES_NUMBER,SERV_SERVICE_NUMBER) values (null,427,1);

-- INSERTING into HVK_PET_VACCINATION
/* SET DEFINE OFF */
INSERT INTO HVK_PET_VACCINATION (VACCINATION_EXPIRY_DATE, VACC_VACCINATION_NUMBER, PET_PET_NUMBER) VALUES (CONVERT(datetime, '2014-07-17', 120), 8, 5);
INSERT INTO HVK_PET_VACCINATION (VACCINATION_EXPIRY_DATE, VACC_VACCINATION_NUMBER, PET_PET_NUMBER) VALUES (CONVERT(datetime, '2015-07-17', 120), 9, 5);
INSERT INTO HVK_PET_VACCINATION (VACCINATION_EXPIRY_DATE, VACC_VACCINATION_NUMBER, PET_PET_NUMBER) VALUES (CONVERT(datetime, '2015-09-13', 120), 10, 8);
INSERT INTO HVK_PET_VACCINATION (VACCINATION_EXPIRY_DATE, VACC_VACCINATION_NUMBER, PET_PET_NUMBER) VALUES (CONVERT(datetime, '2015-09-13', 120), 7, 8);
INSERT INTO HVK_PET_VACCINATION (VACCINATION_EXPIRY_DATE, VACC_VACCINATION_NUMBER, PET_PET_NUMBER) VALUES (CONVERT(datetime, '2015-09-13', 120), 8, 8);
INSERT INTO HVK_PET_VACCINATION (VACCINATION_EXPIRY_DATE, VACC_VACCINATION_NUMBER, PET_PET_NUMBER) VALUES (CONVERT(datetime, '2015-09-13', 120), 9, 8);
INSERT INTO HVK_PET_VACCINATION (VACCINATION_EXPIRY_DATE, VACC_VACCINATION_NUMBER, PET_PET_NUMBER) VALUES (CONVERT(datetime, '2015-11-02', 120), 10, 38);
INSERT INTO HVK_PET_VACCINATION (VACCINATION_EXPIRY_DATE, VACC_VACCINATION_NUMBER, PET_PET_NUMBER) VALUES (CONVERT(datetime, '2015-11-02', 120), 7, 38);
INSERT INTO HVK_PET_VACCINATION (VACCINATION_EXPIRY_DATE, VACC_VACCINATION_NUMBER, PET_PET_NUMBER) VALUES (CONVERT(datetime, '2015-11-02', 120), 8, 38);
INSERT INTO HVK_PET_VACCINATION (VACCINATION_EXPIRY_DATE, VACC_VACCINATION_NUMBER, PET_PET_NUMBER) VALUES (CONVERT(datetime, '2015-11-07', 120), 1, 6);
INSERT INTO HVK_PET_VACCINATION (VACCINATION_EXPIRY_DATE, VACC_VACCINATION_NUMBER, PET_PET_NUMBER) VALUES (CONVERT(datetime, '2015-11-07', 120), 3, 6);
INSERT INTO HVK_PET_VACCINATION (VACCINATION_EXPIRY_DATE, VACC_VACCINATION_NUMBER, PET_PET_NUMBER) VALUES (CONVERT(datetime, '2015-11-07', 120), 4, 6);
INSERT INTO HVK_PET_VACCINATION (VACCINATION_EXPIRY_DATE, VACC_VACCINATION_NUMBER, PET_PET_NUMBER) VALUES (CONVERT(datetime, '2015-11-07', 120), 5, 6);
INSERT INTO HVK_PET_VACCINATION (VACCINATION_EXPIRY_DATE, VACC_VACCINATION_NUMBER, PET_PET_NUMBER) VALUES (CONVERT(datetime, '2015-11-21', 120), 4, 16);
INSERT INTO HVK_PET_VACCINATION (VACCINATION_EXPIRY_DATE, VACC_VACCINATION_NUMBER, PET_PET_NUMBER) VALUES (CONVERT(datetime, '2016-03-07', 120), 4, 7);
INSERT INTO HVK_PET_VACCINATION (VACCINATION_EXPIRY_DATE, VACC_VACCINATION_NUMBER, PET_PET_NUMBER) VALUES (CONVERT(datetime, '2016-06-03', 120), 2, 6);
INSERT INTO HVK_PET_VACCINATION (VACCINATION_EXPIRY_DATE, VACC_VACCINATION_NUMBER, PET_PET_NUMBER) VALUES (CONVERT(datetime, '2016-07-17', 120), 10, 4);
INSERT INTO HVK_PET_VACCINATION (VACCINATION_EXPIRY_DATE, VACC_VACCINATION_NUMBER, PET_PET_NUMBER) VALUES (CONVERT(datetime, '2016-07-17', 120), 10, 5);
INSERT INTO HVK_PET_VACCINATION (VACCINATION_EXPIRY_DATE, VACC_VACCINATION_NUMBER, PET_PET_NUMBER) VALUES (CONVERT(datetime, '2016-07-17', 120), 7, 4);
INSERT INTO HVK_PET_VACCINATION (VACCINATION_EXPIRY_DATE, VACC_VACCINATION_NUMBER, PET_PET_NUMBER) VALUES (CONVERT(datetime, '2016-07-17', 120), 8, 4);
INSERT INTO HVK_PET_VACCINATION (VACCINATION_EXPIRY_DATE, VACC_VACCINATION_NUMBER, PET_PET_NUMBER) VALUES (CONVERT(datetime, '2016-07-17', 120), 9, 4);
INSERT INTO HVK_PET_VACCINATION (VACCINATION_EXPIRY_DATE, VACC_VACCINATION_NUMBER, PET_PET_NUMBER) VALUES (CONVERT(datetime, '2016-09-10', 120), 1, 35);
INSERT INTO HVK_PET_VACCINATION (VACCINATION_EXPIRY_DATE, VACC_VACCINATION_NUMBER, PET_PET_NUMBER) VALUES (CONVERT(datetime, '2016-09-10', 120), 2, 35);
INSERT INTO HVK_PET_VACCINATION (VACCINATION_EXPIRY_DATE, VACC_VACCINATION_NUMBER, PET_PET_NUMBER) VALUES (CONVERT(datetime, '2016-09-10', 120), 3, 35);
INSERT INTO HVK_PET_VACCINATION (VACCINATION_EXPIRY_DATE, VACC_VACCINATION_NUMBER, PET_PET_NUMBER) VALUES (CONVERT(datetime, '2016-09-10', 120), 4, 35);
INSERT INTO HVK_PET_VACCINATION (VACCINATION_EXPIRY_DATE, VACC_VACCINATION_NUMBER, PET_PET_NUMBER) VALUES (CONVERT(datetime, '2016-09-10', 120), 5, 35);
INSERT INTO HVK_PET_VACCINATION (VACCINATION_EXPIRY_DATE, VACC_VACCINATION_NUMBER, PET_PET_NUMBER) VALUES (CONVERT(datetime, '2016-09-10', 120), 6, 35);
INSERT INTO HVK_PET_VACCINATION (VACCINATION_EXPIRY_DATE, VACC_VACCINATION_NUMBER, PET_PET_NUMBER) VALUES (CONVERT(datetime, '2016-11-02', 120), 3, 16);
INSERT INTO HVK_PET_VACCINATION (VACCINATION_EXPIRY_DATE, VACC_VACCINATION_NUMBER, PET_PET_NUMBER) VALUES (CONVERT(datetime, '2016-11-05', 120), 1, 1);
INSERT INTO HVK_PET_VACCINATION (VACCINATION_EXPIRY_DATE, VACC_VACCINATION_NUMBER, PET_PET_NUMBER) VALUES (CONVERT(datetime, '2016-11-05', 120), 1, 2);
INSERT INTO HVK_PET_VACCINATION (VACCINATION_EXPIRY_DATE, VACC_VACCINATION_NUMBER, PET_PET_NUMBER) VALUES (CONVERT(datetime, '2016-11-05', 120), 2, 1);
INSERT INTO HVK_PET_VACCINATION (VACCINATION_EXPIRY_DATE, VACC_VACCINATION_NUMBER, PET_PET_NUMBER) VALUES (CONVERT(datetime, '2016-11-05', 120), 2, 2);
INSERT INTO HVK_PET_VACCINATION (VACCINATION_EXPIRY_DATE, VACC_VACCINATION_NUMBER, PET_PET_NUMBER) VALUES (CONVERT(datetime, '2016-11-05', 120), 3, 1);
INSERT INTO HVK_PET_VACCINATION (VACCINATION_EXPIRY_DATE, VACC_VACCINATION_NUMBER, PET_PET_NUMBER) VALUES (CONVERT(datetime, '2016-11-05', 120), 3, 2);
INSERT INTO HVK_PET_VACCINATION (VACCINATION_EXPIRY_DATE, VACC_VACCINATION_NUMBER, PET_PET_NUMBER) VALUES (CONVERT(datetime, '2016-11-05', 120), 4, 1);
INSERT INTO HVK_PET_VACCINATION (VACCINATION_EXPIRY_DATE, VACC_VACCINATION_NUMBER, PET_PET_NUMBER) VALUES (CONVERT(datetime, '2016-11-05', 120), 4, 2);
INSERT INTO HVK_PET_VACCINATION (VACCINATION_EXPIRY_DATE, VACC_VACCINATION_NUMBER, PET_PET_NUMBER) VALUES (CONVERT(datetime, '2016-11-05', 120), 5, 1);
INSERT INTO HVK_PET_VACCINATION (VACCINATION_EXPIRY_DATE, VACC_VACCINATION_NUMBER, PET_PET_NUMBER) VALUES (CONVERT(datetime, '2016-11-05', 120), 5, 2);
INSERT INTO HVK_PET_VACCINATION (VACCINATION_EXPIRY_DATE, VACC_VACCINATION_NUMBER, PET_PET_NUMBER) VALUES (CONVERT(datetime, '2016-11-07', 120), 1, 7);
INSERT INTO HVK_PET_VACCINATION (VACCINATION_EXPIRY_DATE, VACC_VACCINATION_NUMBER, PET_PET_NUMBER) VALUES (CONVERT(datetime, '2016-11-07', 120), 2, 7);
INSERT INTO HVK_PET_VACCINATION (VACCINATION_EXPIRY_DATE, VACC_VACCINATION_NUMBER, PET_PET_NUMBER) VALUES (CONVERT(datetime, '2016-11-21', 120), 1, 16);
INSERT INTO HVK_PET_VACCINATION (VACCINATION_EXPIRY_DATE, VACC_VACCINATION_NUMBER, PET_PET_NUMBER) VALUES (CONVERT(datetime, '2017-01-12', 120), 1, 33);
INSERT INTO HVK_PET_VACCINATION (VACCINATION_EXPIRY_DATE, VACC_VACCINATION_NUMBER, PET_PET_NUMBER) VALUES (CONVERT(datetime, '2017-01-12', 120), 2, 33);
INSERT INTO HVK_PET_VACCINATION (VACCINATION_EXPIRY_DATE, VACC_VACCINATION_NUMBER, PET_PET_NUMBER) VALUES (CONVERT(datetime, '2017-01-12', 120), 3, 33);
INSERT INTO HVK_PET_VACCINATION (VACCINATION_EXPIRY_DATE, VACC_VACCINATION_NUMBER, PET_PET_NUMBER) VALUES (CONVERT(datetime, '2017-01-12', 120), 4, 33);
INSERT INTO HVK_PET_VACCINATION (VACCINATION_EXPIRY_DATE, VACC_VACCINATION_NUMBER, PET_PET_NUMBER) VALUES (CONVERT(datetime, '2017-04-07', 120), 6, 6);
INSERT INTO HVK_PET_VACCINATION (VACCINATION_EXPIRY_DATE, VACC_VACCINATION_NUMBER, PET_PET_NUMBER) VALUES (CONVERT(datetime, '2017-05-05', 120), 1, 11);
INSERT INTO HVK_PET_VACCINATION (VACCINATION_EXPIRY_DATE, VACC_VACCINATION_NUMBER, PET_PET_NUMBER) VALUES (CONVERT(datetime, '2017-05-05', 120), 1, 12);
INSERT INTO HVK_PET_VACCINATION (VACCINATION_EXPIRY_DATE, VACC_VACCINATION_NUMBER, PET_PET_NUMBER) VALUES (CONVERT(datetime, '2017-05-05', 120), 1, 13);
INSERT INTO HVK_PET_VACCINATION (VACCINATION_EXPIRY_DATE, VACC_VACCINATION_NUMBER, PET_PET_NUMBER) VALUES (CONVERT(datetime, '2017-05-05', 120), 1, 14);
INSERT INTO HVK_PET_VACCINATION (VACCINATION_EXPIRY_DATE, VACC_VACCINATION_NUMBER, PET_PET_NUMBER) VALUES (CONVERT(datetime, '2017-05-05', 120), 1, 3);
INSERT INTO HVK_PET_VACCINATION (VACCINATION_EXPIRY_DATE, VACC_VACCINATION_NUMBER, PET_PET_NUMBER) VALUES (CONVERT(datetime, '2017-05-05', 120), 1, 9);
INSERT INTO HVK_PET_VACCINATION (VACCINATION_EXPIRY_DATE, VACC_VACCINATION_NUMBER, PET_PET_NUMBER) VALUES (CONVERT(datetime, '2017-05-05', 120), 2, 11);
INSERT INTO HVK_PET_VACCINATION (VACCINATION_EXPIRY_DATE, VACC_VACCINATION_NUMBER, PET_PET_NUMBER) VALUES (CONVERT(datetime, '2017-05-05', 120), 2, 12);
INSERT INTO HVK_PET_VACCINATION (VACCINATION_EXPIRY_DATE, VACC_VACCINATION_NUMBER, PET_PET_NUMBER) VALUES (CONVERT(datetime, '2017-05-05', 120), 2, 13);
INSERT INTO HVK_PET_VACCINATION (VACCINATION_EXPIRY_DATE, VACC_VACCINATION_NUMBER, PET_PET_NUMBER) VALUES (CONVERT(datetime, '2017-05-05', 120), 2, 14);
INSERT INTO HVK_PET_VACCINATION (VACCINATION_EXPIRY_DATE, VACC_VACCINATION_NUMBER, PET_PET_NUMBER) VALUES (CONVERT(datetime, '2017-05-05', 120), 2, 3);
INSERT INTO HVK_PET_VACCINATION (VACCINATION_EXPIRY_DATE, VACC_VACCINATION_NUMBER, PET_PET_NUMBER) VALUES (CONVERT(datetime, '2017-05-05', 120), 2, 9);
INSERT INTO HVK_PET_VACCINATION (VACCINATION_EXPIRY_DATE, VACC_VACCINATION_NUMBER, PET_PET_NUMBER) VALUES (CONVERT(datetime, '2017-05-05', 120), 3, 11);
INSERT INTO HVK_PET_VACCINATION (VACCINATION_EXPIRY_DATE, VACC_VACCINATION_NUMBER, PET_PET_NUMBER) VALUES (CONVERT(datetime, '2017-05-05', 120), 3, 12);
INSERT INTO HVK_PET_VACCINATION (VACCINATION_EXPIRY_DATE, VACC_VACCINATION_NUMBER, PET_PET_NUMBER) VALUES (CONVERT(datetime, '2017-05-05', 120), 3, 13);
INSERT INTO HVK_PET_VACCINATION (VACCINATION_EXPIRY_DATE, VACC_VACCINATION_NUMBER, PET_PET_NUMBER) VALUES (CONVERT(datetime, '2017-05-05', 120), 3, 14);
INSERT INTO HVK_PET_VACCINATION (VACCINATION_EXPIRY_DATE, VACC_VACCINATION_NUMBER, PET_PET_NUMBER) VALUES (CONVERT(datetime, '2017-05-05', 120), 3, 3);
INSERT INTO HVK_PET_VACCINATION (VACCINATION_EXPIRY_DATE, VACC_VACCINATION_NUMBER, PET_PET_NUMBER) VALUES (CONVERT(datetime, '2017-05-05', 120), 3, 9);
INSERT INTO HVK_PET_VACCINATION (VACCINATION_EXPIRY_DATE, VACC_VACCINATION_NUMBER, PET_PET_NUMBER) VALUES (CONVERT(datetime, '2017-05-05', 120), 4, 11);
INSERT INTO HVK_PET_VACCINATION (VACCINATION_EXPIRY_DATE, VACC_VACCINATION_NUMBER, PET_PET_NUMBER) VALUES (CONVERT(datetime, '2017-05-05', 120), 4, 12);
INSERT INTO HVK_PET_VACCINATION (VACCINATION_EXPIRY_DATE, VACC_VACCINATION_NUMBER, PET_PET_NUMBER) VALUES (CONVERT(datetime, '2017-05-05', 120), 4, 13);
INSERT INTO HVK_PET_VACCINATION (VACCINATION_EXPIRY_DATE, VACC_VACCINATION_NUMBER, PET_PET_NUMBER) VALUES (CONVERT(datetime, '2017-05-05', 120), 4, 14);
INSERT INTO HVK_PET_VACCINATION (VACCINATION_EXPIRY_DATE, VACC_VACCINATION_NUMBER, PET_PET_NUMBER) VALUES (CONVERT(datetime, '2017-05-05', 120), 4, 3);
INSERT INTO HVK_PET_VACCINATION (VACCINATION_EXPIRY_DATE, VACC_VACCINATION_NUMBER, PET_PET_NUMBER) VALUES (CONVERT(datetime, '2017-05-05', 120), 4, 9);
INSERT INTO HVK_PET_VACCINATION (VACCINATION_EXPIRY_DATE, VACC_VACCINATION_NUMBER, PET_PET_NUMBER) VALUES (CONVERT(datetime, '2017-05-05', 120), 5, 11);
INSERT INTO HVK_PET_VACCINATION (VACCINATION_EXPIRY_DATE, VACC_VACCINATION_NUMBER, PET_PET_NUMBER) VALUES (CONVERT(datetime, '2017-05-05', 120), 5, 12);
INSERT INTO HVK_PET_VACCINATION (VACCINATION_EXPIRY_DATE, VACC_VACCINATION_NUMBER, PET_PET_NUMBER) VALUES (CONVERT(datetime, '2017-05-05', 120), 5, 13);
INSERT INTO HVK_PET_VACCINATION (VACCINATION_EXPIRY_DATE, VACC_VACCINATION_NUMBER, PET_PET_NUMBER) VALUES (CONVERT(datetime, '2017-05-05', 120), 5, 14);
INSERT INTO HVK_PET_VACCINATION (VACCINATION_EXPIRY_DATE, VACC_VACCINATION_NUMBER, PET_PET_NUMBER) VALUES (CONVERT(datetime, '2017-05-05', 120), 5, 3);
INSERT INTO HVK_PET_VACCINATION (VACCINATION_EXPIRY_DATE, VACC_VACCINATION_NUMBER, PET_PET_NUMBER) VALUES (CONVERT(datetime, '2017-05-05', 120), 5, 9);
INSERT INTO HVK_PET_VACCINATION (VACCINATION_EXPIRY_DATE, VACC_VACCINATION_NUMBER, PET_PET_NUMBER) VALUES (CONVERT(datetime, '2017-07-17', 120), 6, 7);
INSERT INTO HVK_PET_VACCINATION (VACCINATION_EXPIRY_DATE, VACC_VACCINATION_NUMBER, PET_PET_NUMBER) VALUES (CONVERT(datetime, '2017-08-08', 120), 1, 26);
INSERT INTO HVK_PET_VACCINATION (VACCINATION_EXPIRY_DATE, VACC_VACCINATION_NUMBER, PET_PET_NUMBER) VALUES (CONVERT(datetime, '2017-08-08', 120), 1, 27);
INSERT INTO HVK_PET_VACCINATION (VACCINATION_EXPIRY_DATE, VACC_VACCINATION_NUMBER, PET_PET_NUMBER) VALUES (CONVERT(datetime, '2017-08-08', 120), 1, 28);
INSERT INTO HVK_PET_VACCINATION (VACCINATION_EXPIRY_DATE, VACC_VACCINATION_NUMBER, PET_PET_NUMBER) VALUES (CONVERT(datetime, '2017-08-08', 120), 1, 29);
INSERT INTO HVK_PET_VACCINATION (VACCINATION_EXPIRY_DATE, VACC_VACCINATION_NUMBER, PET_PET_NUMBER) VALUES (CONVERT(datetime, '2017-08-08', 120), 1, 30);
INSERT INTO HVK_PET_VACCINATION (VACCINATION_EXPIRY_DATE, VACC_VACCINATION_NUMBER, PET_PET_NUMBER) VALUES (CONVERT(datetime, '2017-08-08', 120), 1, 31);
INSERT INTO HVK_PET_VACCINATION (VACCINATION_EXPIRY_DATE, VACC_VACCINATION_NUMBER, PET_PET_NUMBER) VALUES (CONVERT(datetime, '2017-08-08', 120), 1, 32);
INSERT INTO HVK_PET_VACCINATION (VACCINATION_EXPIRY_DATE, VACC_VACCINATION_NUMBER, PET_PET_NUMBER) VALUES (CONVERT(datetime, '2017-08-08', 120), 2, 26);
INSERT INTO HVK_PET_VACCINATION (VACCINATION_EXPIRY_DATE, VACC_VACCINATION_NUMBER, PET_PET_NUMBER) VALUES (CONVERT(datetime, '2017-08-08', 120), 2, 27);
INSERT INTO HVK_PET_VACCINATION (VACCINATION_EXPIRY_DATE, VACC_VACCINATION_NUMBER, PET_PET_NUMBER) VALUES (CONVERT(datetime, '2017-08-08', 120), 2, 28);
INSERT INTO HVK_PET_VACCINATION (VACCINATION_EXPIRY_DATE, VACC_VACCINATION_NUMBER, PET_PET_NUMBER) VALUES (CONVERT(datetime, '2017-08-08', 120), 2, 29);
INSERT INTO HVK_PET_VACCINATION (VACCINATION_EXPIRY_DATE, VACC_VACCINATION_NUMBER, PET_PET_NUMBER) VALUES (CONVERT(datetime, '2017-08-08', 120), 2, 30);
INSERT INTO HVK_PET_VACCINATION (VACCINATION_EXPIRY_DATE, VACC_VACCINATION_NUMBER, PET_PET_NUMBER) VALUES (CONVERT(datetime, '2017-08-08', 120), 2, 31);
INSERT INTO HVK_PET_VACCINATION (VACCINATION_EXPIRY_DATE, VACC_VACCINATION_NUMBER, PET_PET_NUMBER) VALUES (CONVERT(datetime, '2017-08-08', 120), 2, 32);
INSERT INTO HVK_PET_VACCINATION (VACCINATION_EXPIRY_DATE, VACC_VACCINATION_NUMBER, PET_PET_NUMBER) VALUES (CONVERT(datetime, '2017-08-08', 120), 3, 26);
INSERT INTO HVK_PET_VACCINATION (VACCINATION_EXPIRY_DATE, VACC_VACCINATION_NUMBER, PET_PET_NUMBER) VALUES (CONVERT(datetime, '2017-08-08', 120), 3, 27);
INSERT INTO HVK_PET_VACCINATION (VACCINATION_EXPIRY_DATE, VACC_VACCINATION_NUMBER, PET_PET_NUMBER) VALUES (CONVERT(datetime, '2017-08-08', 120), 3, 28);
INSERT INTO HVK_PET_VACCINATION (VACCINATION_EXPIRY_DATE, VACC_VACCINATION_NUMBER, PET_PET_NUMBER) VALUES (CONVERT(datetime, '2017-08-08', 120), 3, 29);
INSERT INTO HVK_PET_VACCINATION (VACCINATION_EXPIRY_DATE, VACC_VACCINATION_NUMBER, PET_PET_NUMBER) VALUES (CONVERT(datetime, '2017-08-08', 120), 3, 30);
INSERT INTO HVK_PET_VACCINATION (VACCINATION_EXPIRY_DATE, VACC_VACCINATION_NUMBER, PET_PET_NUMBER) VALUES (CONVERT(datetime, '2017-08-08', 120), 3, 31);
INSERT INTO HVK_PET_VACCINATION (VACCINATION_EXPIRY_DATE, VACC_VACCINATION_NUMBER, PET_PET_NUMBER) VALUES (CONVERT(datetime, '2017-08-08', 120), 3, 32);
INSERT INTO HVK_PET_VACCINATION (VACCINATION_EXPIRY_DATE, VACC_VACCINATION_NUMBER, PET_PET_NUMBER) VALUES (CONVERT(datetime, '2017-08-08', 120), 4, 26);
INSERT INTO HVK_PET_VACCINATION (VACCINATION_EXPIRY_DATE, VACC_VACCINATION_NUMBER, PET_PET_NUMBER) VALUES (CONVERT(datetime, '2017-08-08', 120), 4, 27);
INSERT INTO HVK_PET_VACCINATION (VACCINATION_EXPIRY_DATE, VACC_VACCINATION_NUMBER, PET_PET_NUMBER) VALUES (CONVERT(datetime, '2017-08-08', 120), 4, 28);
INSERT INTO HVK_PET_VACCINATION (VACCINATION_EXPIRY_DATE, VACC_VACCINATION_NUMBER, PET_PET_NUMBER) VALUES (CONVERT(datetime, '2017-08-08', 120), 4, 29);
INSERT INTO HVK_PET_VACCINATION (VACCINATION_EXPIRY_DATE, VACC_VACCINATION_NUMBER, PET_PET_NUMBER) VALUES (CONVERT(datetime, '2017-08-08', 120), 4, 30);
INSERT INTO HVK_PET_VACCINATION (VACCINATION_EXPIRY_DATE, VACC_VACCINATION_NUMBER, PET_PET_NUMBER) VALUES (CONVERT(datetime, '2017-08-08', 120), 4, 31);
INSERT INTO HVK_PET_VACCINATION (VACCINATION_EXPIRY_DATE, VACC_VACCINATION_NUMBER, PET_PET_NUMBER) VALUES (CONVERT(datetime, '2017-08-08', 120), 4, 32);
INSERT INTO HVK_PET_VACCINATION (VACCINATION_EXPIRY_DATE, VACC_VACCINATION_NUMBER, PET_PET_NUMBER) VALUES (CONVERT(datetime, '2017-08-08', 120), 5, 26);
INSERT INTO HVK_PET_VACCINATION (VACCINATION_EXPIRY_DATE, VACC_VACCINATION_NUMBER, PET_PET_NUMBER) VALUES (CONVERT(datetime, '2017-08-08', 120), 5, 27);
INSERT INTO HVK_PET_VACCINATION (VACCINATION_EXPIRY_DATE, VACC_VACCINATION_NUMBER, PET_PET_NUMBER) VALUES (CONVERT(datetime, '2017-08-08', 120), 5, 28);
INSERT INTO HVK_PET_VACCINATION (VACCINATION_EXPIRY_DATE, VACC_VACCINATION_NUMBER, PET_PET_NUMBER) VALUES (CONVERT(datetime, '2017-08-08', 120), 5, 29);
INSERT INTO HVK_PET_VACCINATION (VACCINATION_EXPIRY_DATE, VACC_VACCINATION_NUMBER, PET_PET_NUMBER) VALUES (CONVERT(datetime, '2017-08-08', 120), 5, 30);
INSERT INTO HVK_PET_VACCINATION (VACCINATION_EXPIRY_DATE, VACC_VACCINATION_NUMBER, PET_PET_NUMBER) VALUES (CONVERT(datetime, '2017-08-08', 120), 5, 31);
INSERT INTO HVK_PET_VACCINATION (VACCINATION_EXPIRY_DATE, VACC_VACCINATION_NUMBER, PET_PET_NUMBER) VALUES (CONVERT(datetime, '2017-08-08', 120), 5, 32);
INSERT INTO HVK_PET_VACCINATION (VACCINATION_EXPIRY_DATE, VACC_VACCINATION_NUMBER, PET_PET_NUMBER) VALUES (CONVERT(datetime, '2017-08-08', 120), 6, 26);
INSERT INTO HVK_PET_VACCINATION (VACCINATION_EXPIRY_DATE, VACC_VACCINATION_NUMBER, PET_PET_NUMBER) VALUES (CONVERT(datetime, '2017-08-08', 120), 6, 27);
INSERT INTO HVK_PET_VACCINATION (VACCINATION_EXPIRY_DATE, VACC_VACCINATION_NUMBER, PET_PET_NUMBER) VALUES (CONVERT(datetime, '2017-08-08', 120), 6, 28);
INSERT INTO HVK_PET_VACCINATION (VACCINATION_EXPIRY_DATE, VACC_VACCINATION_NUMBER, PET_PET_NUMBER) VALUES (CONVERT(datetime, '2017-08-08', 120), 6, 29);
INSERT INTO HVK_PET_VACCINATION (VACCINATION_EXPIRY_DATE, VACC_VACCINATION_NUMBER, PET_PET_NUMBER) VALUES (CONVERT(datetime, '2017-08-08', 120), 6, 30);
INSERT INTO HVK_PET_VACCINATION (VACCINATION_EXPIRY_DATE, VACC_VACCINATION_NUMBER, PET_PET_NUMBER) VALUES (CONVERT(datetime, '2017-08-08', 120), 6, 31);
INSERT INTO HVK_PET_VACCINATION (VACCINATION_EXPIRY_DATE, VACC_VACCINATION_NUMBER, PET_PET_NUMBER) VALUES (CONVERT(datetime, '2017-08-08', 120), 6, 32);
INSERT INTO HVK_PET_VACCINATION (VACCINATION_EXPIRY_DATE, VACC_VACCINATION_NUMBER, PET_PET_NUMBER) VALUES (CONVERT(datetime, '2017-11-02', 120), 10, 36);
INSERT INTO HVK_PET_VACCINATION (VACCINATION_EXPIRY_DATE, VACC_VACCINATION_NUMBER, PET_PET_NUMBER) VALUES (CONVERT(datetime, '2017-11-02', 120), 7, 36);
INSERT INTO HVK_PET_VACCINATION (VACCINATION_EXPIRY_DATE, VACC_VACCINATION_NUMBER, PET_PET_NUMBER) VALUES (CONVERT(datetime, '2017-11-02', 120), 7, 37);
INSERT INTO HVK_PET_VACCINATION (VACCINATION_EXPIRY_DATE, VACC_VACCINATION_NUMBER, PET_PET_NUMBER) VALUES (CONVERT(datetime, '2017-11-02', 120), 8, 36);
INSERT INTO HVK_PET_VACCINATION (VACCINATION_EXPIRY_DATE, VACC_VACCINATION_NUMBER, PET_PET_NUMBER) VALUES (CONVERT(datetime, '2017-11-02', 120), 8, 37);
INSERT INTO HVK_PET_VACCINATION (VACCINATION_EXPIRY_DATE, VACC_VACCINATION_NUMBER, PET_PET_NUMBER) VALUES (CONVERT(datetime, '2017-11-02', 120), 9, 36);
INSERT INTO HVK_PET_VACCINATION (VACCINATION_EXPIRY_DATE, VACC_VACCINATION_NUMBER, PET_PET_NUMBER) VALUES (CONVERT(datetime, '2017-11-02', 120), 9, 37);
INSERT INTO HVK_PET_VACCINATION (VACCINATION_EXPIRY_DATE, VACC_VACCINATION_NUMBER, PET_PET_NUMBER) VALUES (CONVERT(datetime, '2017-11-05', 120), 6, 1);
INSERT INTO HVK_PET_VACCINATION (VACCINATION_EXPIRY_DATE, VACC_VACCINATION_NUMBER, PET_PET_NUMBER) VALUES (CONVERT(datetime, '2017-11-05', 120), 6, 2);
INSERT INTO HVK_PET_VACCINATION (VACCINATION_EXPIRY_DATE, VACC_VACCINATION_NUMBER, PET_PET_NUMBER) VALUES (CONVERT(datetime, '2017-11-21', 120), 5, 20);
INSERT INTO HVK_PET_VACCINATION (VACCINATION_EXPIRY_DATE, VACC_VACCINATION_NUMBER, PET_PET_NUMBER) VALUES (CONVERT(datetime, '2017-12-02', 120), 1, 20);
INSERT INTO HVK_PET_VACCINATION (VACCINATION_EXPIRY_DATE, VACC_VACCINATION_NUMBER, PET_PET_NUMBER) VALUES (CONVERT(datetime, '2017-12-02', 120), 2, 20);
INSERT INTO HVK_PET_VACCINATION (VACCINATION_EXPIRY_DATE, VACC_VACCINATION_NUMBER, PET_PET_NUMBER) VALUES (CONVERT(datetime, '2018-01-12', 120), 5, 33);
INSERT INTO HVK_PET_VACCINATION (VACCINATION_EXPIRY_DATE, VACC_VACCINATION_NUMBER, PET_PET_NUMBER) VALUES (CONVERT(datetime, '2018-01-12', 120), 6, 33);
INSERT INTO HVK_PET_VACCINATION (VACCINATION_EXPIRY_DATE, VACC_VACCINATION_NUMBER, PET_PET_NUMBER) VALUES (CONVERT(datetime, '2018-02-02', 120), 6, 16);
INSERT INTO HVK_PET_VACCINATION (VACCINATION_EXPIRY_DATE, VACC_VACCINATION_NUMBER, PET_PET_NUMBER) VALUES (CONVERT(datetime, '2018-02-02', 120), 6, 20);
INSERT INTO HVK_PET_VACCINATION (VACCINATION_EXPIRY_DATE, VACC_VACCINATION_NUMBER, PET_PET_NUMBER) VALUES (CONVERT(datetime, '2018-05-05', 120), 6, 11);
INSERT INTO HVK_PET_VACCINATION (VACCINATION_EXPIRY_DATE, VACC_VACCINATION_NUMBER, PET_PET_NUMBER) VALUES (CONVERT(datetime, '2018-05-05', 120), 6, 12);
INSERT INTO HVK_PET_VACCINATION (VACCINATION_EXPIRY_DATE, VACC_VACCINATION_NUMBER, PET_PET_NUMBER) VALUES (CONVERT(datetime, '2018-05-05', 120), 6, 13);
INSERT INTO HVK_PET_VACCINATION (VACCINATION_EXPIRY_DATE, VACC_VACCINATION_NUMBER, PET_PET_NUMBER) VALUES (CONVERT(datetime, '2018-05-05', 120), 6, 3);
INSERT INTO HVK_PET_VACCINATION (VACCINATION_EXPIRY_DATE, VACC_VACCINATION_NUMBER, PET_PET_NUMBER) VALUES (CONVERT(datetime, '2018-05-05', 120), 6, 9);

-- INSERTING into HVK_RESERVATION
/* SET DEFINE OFF */
INSERT INTO HVK_RESERVATION (RESERVATION_NUMBER, RESERVATION_START_DATE, RESERVATION_END_DATE, RESERVATION_STATUS) VALUES (100, CONVERT(datetime, '2015-07-12', 120), CONVERT(datetime, '2015-07-19', 120), 3);
INSERT INTO HVK_RESERVATION (RESERVATION_NUMBER, RESERVATION_START_DATE, RESERVATION_END_DATE, RESERVATION_STATUS) VALUES (102, CONVERT(datetime, '2015-07-16', 120), CONVERT(datetime, '2015-07-18', 120), 3);
INSERT INTO HVK_RESERVATION (RESERVATION_NUMBER, RESERVATION_START_DATE, RESERVATION_END_DATE, RESERVATION_STATUS) VALUES (103, CONVERT(datetime, '2015-08-01', 120), CONVERT(datetime, '2015-09-05', 120), 3);
INSERT INTO HVK_RESERVATION (RESERVATION_NUMBER, RESERVATION_START_DATE, RESERVATION_END_DATE, RESERVATION_STATUS) VALUES (104, CONVERT(datetime, '2015-08-15', 120), CONVERT(datetime, '2015-08-22', 120), 3);
INSERT INTO HVK_RESERVATION (RESERVATION_NUMBER, RESERVATION_START_DATE, RESERVATION_END_DATE, RESERVATION_STATUS) VALUES (105, CONVERT(datetime, '2015-11-01', 120), CONVERT(datetime, '2015-11-20', 120), 3);
INSERT INTO HVK_RESERVATION (RESERVATION_NUMBER, RESERVATION_START_DATE, RESERVATION_END_DATE, RESERVATION_STATUS) VALUES (106, CONVERT(datetime, '2016-02-10', 120), CONVERT(datetime, '2016-02-17', 120), 3);
INSERT INTO HVK_RESERVATION (RESERVATION_NUMBER, RESERVATION_START_DATE, RESERVATION_END_DATE, RESERVATION_STATUS) VALUES (108, CONVERT(datetime, '2016-02-29', 120), CONVERT(datetime, '2016-03-04', 120), 3);
INSERT INTO HVK_RESERVATION (RESERVATION_NUMBER, RESERVATION_START_DATE, RESERVATION_END_DATE, RESERVATION_STATUS) VALUES (109, CONVERT(datetime, '2016-05-01', 120), CONVERT(datetime, '2016-05-18', 120), 3);
INSERT INTO HVK_RESERVATION (RESERVATION_NUMBER, RESERVATION_START_DATE, RESERVATION_END_DATE, RESERVATION_STATUS) VALUES (11, CONVERT(datetime, '2016-11-15', 120), CONVERT(datetime, '2016-11-17', 120), 1);
INSERT INTO HVK_RESERVATION (RESERVATION_NUMBER, RESERVATION_START_DATE, RESERVATION_END_DATE, RESERVATION_STATUS) VALUES (110, CONVERT(datetime, '2016-05-01', 120), CONVERT(datetime, '2016-05-18', 120), 3);
INSERT INTO HVK_RESERVATION (RESERVATION_NUMBER, RESERVATION_START_DATE, RESERVATION_END_DATE, RESERVATION_STATUS) VALUES (112, CONVERT(datetime, '2016-05-12', 120), CONVERT(datetime, '2016-05-19', 120), 3);
INSERT INTO HVK_RESERVATION (RESERVATION_NUMBER, RESERVATION_START_DATE, RESERVATION_END_DATE, RESERVATION_STATUS) VALUES (114, CONVERT(datetime, '2016-05-15', 120), CONVERT(datetime, '2016-05-18', 120), 3);
INSERT INTO HVK_RESERVATION (RESERVATION_NUMBER, RESERVATION_START_DATE, RESERVATION_END_DATE, RESERVATION_STATUS) VALUES (115, CONVERT(datetime, '2016-05-15', 120), CONVERT(datetime, '2016-05-17', 120), 3);
INSERT INTO HVK_RESERVATION (RESERVATION_NUMBER, RESERVATION_START_DATE, RESERVATION_END_DATE, RESERVATION_STATUS) VALUES (120, CONVERT(datetime, '2016-05-16', 120), CONVERT(datetime, '2016-05-18', 120), 3);
INSERT INTO HVK_RESERVATION (RESERVATION_NUMBER, RESERVATION_START_DATE, RESERVATION_END_DATE, RESERVATION_STATUS) VALUES (122, CONVERT(datetime, '2016-11-01', 120), CONVERT(datetime, '2016-11-05', 120), 1);
INSERT INTO HVK_RESERVATION (RESERVATION_NUMBER, RESERVATION_START_DATE, RESERVATION_END_DATE, RESERVATION_STATUS) VALUES (123, CONVERT(datetime, '2016-11-01', 120), CONVERT(datetime, '2016-11-30', 120), 1);
INSERT INTO HVK_RESERVATION (RESERVATION_NUMBER, RESERVATION_START_DATE, RESERVATION_END_DATE, RESERVATION_STATUS) VALUES (131, CONVERT(datetime, '2016-10-01', 120), CONVERT(datetime, '2016-11-07', 120), 1);
INSERT INTO HVK_RESERVATION (RESERVATION_NUMBER, RESERVATION_START_DATE, RESERVATION_END_DATE, RESERVATION_STATUS) VALUES (136, CONVERT(datetime, '2016-10-31', 120), CONVERT(datetime, '2016-11-09', 120), 1);
INSERT INTO HVK_RESERVATION (RESERVATION_NUMBER, RESERVATION_START_DATE, RESERVATION_END_DATE, RESERVATION_STATUS) VALUES (137, CONVERT(datetime, '2016-10-31', 120), CONVERT(datetime, '2016-11-10', 120), 1);
INSERT INTO HVK_RESERVATION (RESERVATION_NUMBER, RESERVATION_START_DATE, RESERVATION_END_DATE, RESERVATION_STATUS) VALUES (138, CONVERT(datetime, '2016-10-31', 120), CONVERT(datetime, '2016-11-10', 120), 1);
INSERT INTO HVK_RESERVATION (RESERVATION_NUMBER, RESERVATION_START_DATE, RESERVATION_END_DATE, RESERVATION_STATUS) VALUES (139, CONVERT(datetime, '2016-11-01', 120), CONVERT(datetime, '2016-11-10', 120), 1);
INSERT INTO HVK_RESERVATION (RESERVATION_NUMBER, RESERVATION_START_DATE, RESERVATION_END_DATE, RESERVATION_STATUS) VALUES (140, CONVERT(datetime, '2016-10-25', 120), CONVERT(datetime, '2016-11-10', 120), 1);
INSERT INTO HVK_RESERVATION (RESERVATION_NUMBER, RESERVATION_START_DATE, RESERVATION_END_DATE, RESERVATION_STATUS) VALUES (141, CONVERT(datetime, '2016-10-25', 120), CONVERT(datetime, '2016-11-10', 120), 1);
INSERT INTO HVK_RESERVATION (RESERVATION_NUMBER, RESERVATION_START_DATE, RESERVATION_END_DATE, RESERVATION_STATUS) VALUES (143, CONVERT(datetime, '2016-10-03', 120), CONVERT(datetime, '2016-10-05', 120), 3);
INSERT INTO HVK_RESERVATION (RESERVATION_NUMBER, RESERVATION_START_DATE, RESERVATION_END_DATE, RESERVATION_STATUS) VALUES (144, CONVERT(datetime, '2016-10-25', 120), CONVERT(datetime, '2016-11-10', 120), 1);
INSERT INTO HVK_RESERVATION (RESERVATION_NUMBER, RESERVATION_START_DATE, RESERVATION_END_DATE, RESERVATION_STATUS) VALUES (145, CONVERT(datetime, '2016-11-06', 120), CONVERT(datetime, '2016-11-08', 120), 1);
INSERT INTO HVK_RESERVATION (RESERVATION_NUMBER, RESERVATION_START_DATE, RESERVATION_END_DATE, RESERVATION_STATUS) VALUES (146, CONVERT(datetime, '2016-10-28', 120), CONVERT(datetime, '2016-11-01', 120), 1);
INSERT INTO HVK_RESERVATION (RESERVATION_NUMBER, RESERVATION_START_DATE, RESERVATION_END_DATE, RESERVATION_STATUS) VALUES (148, CONVERT(datetime, '2016-11-09', 120), CONVERT(datetime, '2016-11-12', 120), 1);
INSERT INTO HVK_RESERVATION (RESERVATION_NUMBER, RESERVATION_START_DATE, RESERVATION_END_DATE, RESERVATION_STATUS) VALUES (5, CONVERT(datetime, '2016-11-15', 120), CONVERT(datetime, '2016-11-17', 120), 1);
INSERT INTO HVK_RESERVATION (RESERVATION_NUMBER, RESERVATION_START_DATE, RESERVATION_END_DATE, RESERVATION_STATUS) VALUES (594, CONVERT(datetime, '2016-10-01', 120), CONVERT(datetime, '2016-11-05', 120), 1);
INSERT INTO HVK_RESERVATION (RESERVATION_NUMBER, RESERVATION_START_DATE, RESERVATION_END_DATE, RESERVATION_STATUS) VALUES (595, CONVERT(datetime, '2016-12-28', 120), CONVERT(datetime, '2017-01-01', 120), 1);
INSERT INTO HVK_RESERVATION (RESERVATION_NUMBER, RESERVATION_START_DATE, RESERVATION_END_DATE, RESERVATION_STATUS) VALUES (601, CONVERT(datetime, '2017-01-01', 120), CONVERT(datetime, '2017-01-07', 120), 1);
INSERT INTO HVK_RESERVATION (RESERVATION_NUMBER, RESERVATION_START_DATE, RESERVATION_END_DATE, RESERVATION_STATUS) VALUES (603, CONVERT(datetime, '2017-01-01', 120), CONVERT(datetime, '2017-01-07', 120), 1);
INSERT INTO HVK_RESERVATION (RESERVATION_NUMBER, RESERVATION_START_DATE, RESERVATION_END_DATE, RESERVATION_STATUS) VALUES (605, CONVERT(datetime, '2017-01-01', 120), CONVERT(datetime, '2017-01-07', 120), 1);
INSERT INTO HVK_RESERVATION (RESERVATION_NUMBER, RESERVATION_START_DATE, RESERVATION_END_DATE, RESERVATION_STATUS) VALUES (615, CONVERT(datetime, '2016-12-07', 120), CONVERT(datetime, '2016-12-14', 120), 1);
INSERT INTO HVK_RESERVATION (RESERVATION_NUMBER, RESERVATION_START_DATE, RESERVATION_END_DATE, RESERVATION_STATUS) VALUES (620, CONVERT(datetime, '2016-02-08', 120), CONVERT(datetime, '2016-03-09', 120), 3);
INSERT INTO HVK_RESERVATION (RESERVATION_NUMBER, RESERVATION_START_DATE, RESERVATION_END_DATE, RESERVATION_STATUS) VALUES (625, CONVERT(datetime, '2017-01-15', 120), CONVERT(datetime, '2017-01-20', 120), 1);
INSERT INTO HVK_RESERVATION (RESERVATION_NUMBER, RESERVATION_START_DATE, RESERVATION_END_DATE, RESERVATION_STATUS) VALUES (630, CONVERT(datetime, '2017-01-05', 120), CONVERT(datetime, '2017-01-13', 120), 1);
INSERT INTO HVK_RESERVATION (RESERVATION_NUMBER, RESERVATION_START_DATE, RESERVATION_END_DATE, RESERVATION_STATUS) VALUES (631, CONVERT(datetime, '2015-11-01', 120), CONVERT(datetime, '2015-11-04', 120), 3);
INSERT INTO HVK_RESERVATION (RESERVATION_NUMBER, RESERVATION_START_DATE, RESERVATION_END_DATE, RESERVATION_STATUS) VALUES (632, CONVERT(datetime, '2016-11-07', 120), CONVERT(datetime, '2016-11-09', 120), 1);
INSERT INTO HVK_RESERVATION (RESERVATION_NUMBER, RESERVATION_START_DATE, RESERVATION_END_DATE, RESERVATION_STATUS) VALUES (633, CONVERT(datetime, '2016-11-07', 120), CONVERT(datetime, '2016-11-09', 120), 1);
INSERT INTO HVK_RESERVATION (RESERVATION_NUMBER, RESERVATION_START_DATE, RESERVATION_END_DATE, RESERVATION_STATUS) VALUES (635, CONVERT(datetime, '2017-01-20', 120), CONVERT(datetime, '2017-01-25', 120), 1) ;
INSERT INTO HVK_RESERVATION (RESERVATION_NUMBER, RESERVATION_START_DATE, RESERVATION_END_DATE, RESERVATION_STATUS) VALUES (636, CONVERT(datetime, '2016-11-09', 120), CONVERT(datetime, '2016-11-12', 120), 1) ;
INSERT INTO HVK_RESERVATION (RESERVATION_NUMBER, RESERVATION_START_DATE, RESERVATION_END_DATE, RESERVATION_STATUS) VALUES (696, CONVERT(datetime, '2016-09-07', 120), CONVERT(datetime, '2016-09-16', 120), 3) ;
INSERT INTO HVK_RESERVATION (RESERVATION_NUMBER, RESERVATION_START_DATE, RESERVATION_END_DATE, RESERVATION_STATUS) VALUES (700, CONVERT(datetime, '2016-11-10', 120), CONVERT(datetime, '2016-11-12', 120), 1) ;
INSERT INTO HVK_RESERVATION (RESERVATION_NUMBER, RESERVATION_START_DATE, RESERVATION_END_DATE, RESERVATION_STATUS) VALUES (701, CONVERT(datetime, '2016-11-10', 120), CONVERT(datetime, '2016-11-12', 120), 1) ;
INSERT INTO HVK_RESERVATION (RESERVATION_NUMBER, RESERVATION_START_DATE, RESERVATION_END_DATE, RESERVATION_STATUS) VALUES (702, CONVERT(datetime, '2016-11-10', 120), CONVERT(datetime, '2016-11-12', 120), 1) ;
INSERT INTO HVK_RESERVATION (RESERVATION_NUMBER, RESERVATION_START_DATE, RESERVATION_END_DATE, RESERVATION_STATUS) VALUES (703, CONVERT(datetime, '2016-11-10', 120), CONVERT(datetime, '2016-11-12', 120), 1) ;
INSERT INTO HVK_RESERVATION (RESERVATION_NUMBER, RESERVATION_START_DATE, RESERVATION_END_DATE, RESERVATION_STATUS) VALUES (704, CONVERT(datetime, '2016-11-10', 120), CONVERT(datetime, '2016-11-12', 120), 1) ;
INSERT INTO HVK_RESERVATION (RESERVATION_NUMBER, RESERVATION_START_DATE, RESERVATION_END_DATE, RESERVATION_STATUS) VALUES (705, CONVERT(datetime, '2016-11-10', 120), CONVERT(datetime, '2016-11-12', 120), 1) ;
INSERT INTO HVK_RESERVATION (RESERVATION_NUMBER, RESERVATION_START_DATE, RESERVATION_END_DATE, RESERVATION_STATUS) VALUES (707, CONVERT(datetime, '2017-01-15', 120), CONVERT(datetime, '2017-01-20', 120), 1) ;
INSERT INTO HVK_RESERVATION (RESERVATION_NUMBER, RESERVATION_START_DATE, RESERVATION_END_DATE, RESERVATION_STATUS) VALUES (708, CONVERT(datetime, '2017-02-15', 120), CONVERT(datetime, '2017-02-20', 120), 1) ;
INSERT INTO HVK_RESERVATION (RESERVATION_NUMBER, RESERVATION_START_DATE, RESERVATION_END_DATE, RESERVATION_STATUS) VALUES (709, CONVERT(datetime, '2017-02-15', 120), CONVERT(datetime, '2017-02-20', 120), 1) ;
INSERT INTO HVK_RESERVATION (RESERVATION_NUMBER, RESERVATION_START_DATE, RESERVATION_END_DATE, RESERVATION_STATUS) VALUES (711, CONVERT(datetime, '2017-02-15', 120), CONVERT(datetime, '2017-02-20', 120), 1) ;
INSERT INTO HVK_RESERVATION (RESERVATION_NUMBER, RESERVATION_START_DATE, RESERVATION_END_DATE, RESERVATION_STATUS) VALUES (712, CONVERT(datetime, '2017-02-15', 120), CONVERT(datetime, '2017-02-20', 120), 1) ;
INSERT INTO HVK_RESERVATION (RESERVATION_NUMBER, RESERVATION_START_DATE, RESERVATION_END_DATE, RESERVATION_STATUS) VALUES (713, CONVERT(datetime, '2017-02-10', 120), CONVERT(datetime, '2017-02-25', 120), 1) ;
INSERT INTO HVK_RESERVATION (RESERVATION_NUMBER, RESERVATION_START_DATE, RESERVATION_END_DATE, RESERVATION_STATUS) VALUES (716, CONVERT(datetime, '2017-02-10', 120), CONVERT(datetime, '2017-02-25', 120), 1) ;
INSERT INTO HVK_RESERVATION (RESERVATION_NUMBER, RESERVATION_START_DATE, RESERVATION_END_DATE, RESERVATION_STATUS) VALUES (717, CONVERT(datetime, '2017-02-10', 120), CONVERT(datetime, '2017-02-25', 120), 1);
INSERT INTO HVK_RESERVATION (RESERVATION_NUMBER, RESERVATION_START_DATE, RESERVATION_END_DATE, RESERVATION_STATUS) VALUES (720, CONVERT(datetime, '2017-02-25', 120), CONVERT(datetime, '2017-02-28', 120), 1);
INSERT INTO HVK_RESERVATION (RESERVATION_NUMBER, RESERVATION_START_DATE, RESERVATION_END_DATE, RESERVATION_STATUS) VALUES (721, CONVERT(datetime, '2017-02-05', 120), CONVERT(datetime, '2017-02-09', 120), 1);
INSERT INTO HVK_RESERVATION (RESERVATION_NUMBER, RESERVATION_START_DATE, RESERVATION_END_DATE, RESERVATION_STATUS) VALUES (722, CONVERT(datetime, '2016-12-22', 120), CONVERT(datetime, '2017-01-03', 120), 1);
INSERT INTO HVK_RESERVATION (RESERVATION_NUMBER, RESERVATION_START_DATE, RESERVATION_END_DATE, RESERVATION_STATUS) VALUES (723, CONVERT(datetime, '2015-12-22', 120), CONVERT(datetime, '2016-01-03', 120), 3);
INSERT INTO HVK_RESERVATION (RESERVATION_NUMBER, RESERVATION_START_DATE, RESERVATION_END_DATE, RESERVATION_STATUS) VALUES (724, CONVERT(datetime, '2016-12-22', 120), CONVERT(datetime, '2017-01-03', 120), 1);
INSERT INTO HVK_RESERVATION (RESERVATION_NUMBER, RESERVATION_START_DATE, RESERVATION_END_DATE, RESERVATION_STATUS) VALUES (725, CONVERT(datetime, '2016-12-23', 120), CONVERT(datetime, '2017-01-02', 120), 1);
INSERT INTO HVK_RESERVATION (RESERVATION_NUMBER, RESERVATION_START_DATE, RESERVATION_END_DATE, RESERVATION_STATUS) VALUES (800, CONVERT(datetime, '2017-04-20', 120), CONVERT(datetime, '2017-04-26', 120), 1);
INSERT INTO HVK_RESERVATION (RESERVATION_NUMBER, RESERVATION_START_DATE, RESERVATION_END_DATE, RESERVATION_STATUS) VALUES (801, CONVERT(datetime, '2017-04-20', 120), CONVERT(datetime, '2017-04-26', 120), 1);
INSERT INTO HVK_RESERVATION (RESERVATION_NUMBER, RESERVATION_START_DATE, RESERVATION_END_DATE, RESERVATION_STATUS) VALUES (802, CONVERT(datetime, '2017-04-20', 120), CONVERT(datetime, '2017-04-26', 120), 1);
INSERT INTO HVK_RESERVATION (RESERVATION_NUMBER, RESERVATION_START_DATE, RESERVATION_END_DATE, RESERVATION_STATUS) VALUES (803, CONVERT(datetime, '2017-04-20', 120), CONVERT(datetime, '2017-04-26', 120), 1);
INSERT INTO HVK_RESERVATION (RESERVATION_NUMBER, RESERVATION_START_DATE, RESERVATION_END_DATE, RESERVATION_STATUS) VALUES (804, CONVERT(datetime, '2017-06-20', 120), CONVERT(datetime, '2017-06-26', 120), 1);
INSERT INTO HVK_RESERVATION (RESERVATION_NUMBER, RESERVATION_START_DATE, RESERVATION_END_DATE, RESERVATION_STATUS) VALUES (805, CONVERT(datetime, '2017-06-20', 120), CONVERT(datetime, '2017-06-30', 120), 1);
INSERT INTO HVK_RESERVATION (RESERVATION_NUMBER, RESERVATION_START_DATE, RESERVATION_END_DATE, RESERVATION_STATUS) VALUES (806, CONVERT(datetime, '2017-12-23', 120), CONVERT(datetime, '2018-01-03', 120), 1);
INSERT INTO HVK_RESERVATION (RESERVATION_NUMBER, RESERVATION_START_DATE, RESERVATION_END_DATE, RESERVATION_STATUS) VALUES (807, CONVERT(datetime, '2017-12-23', 120), CONVERT(datetime, '2018-01-03', 120), 1);
INSERT INTO HVK_RESERVATION (RESERVATION_NUMBER, RESERVATION_START_DATE, RESERVATION_END_DATE, RESERVATION_STATUS) VALUES (808, CONVERT(datetime, '2017-10-31', 120), CONVERT(datetime, '2017-11-12', 120), 1);
INSERT INTO HVK_RESERVATION (RESERVATION_NUMBER, RESERVATION_START_DATE, RESERVATION_END_DATE, RESERVATION_STATUS) VALUES (809, CONVERT(datetime, '2017-05-02', 120), CONVERT(datetime, '2017-05-09', 120), 1);
INSERT INTO HVK_RESERVATION (RESERVATION_NUMBER, RESERVATION_START_DATE, RESERVATION_END_DATE, RESERVATION_STATUS) VALUES (810, CONVERT(datetime, '2017-01-12', 120), CONVERT(datetime, '2017-01-17', 120), 1);
INSERT INTO HVK_RESERVATION (RESERVATION_NUMBER, RESERVATION_START_DATE, RESERVATION_END_DATE, RESERVATION_STATUS) VALUES (811, CONVERT(datetime, '2017-04-26', 120), CONVERT(datetime, '2017-05-05', 120), 1);

-- INSERTING into HVK_RESERVATION_DISCOUNT
/* SET DEFINE OFF; */
Insert into HVK_RESERVATION_DISCOUNT (DISC_DISCOUNT_NUMBER,RES_RESERVATION_NUMBER) values (2,713);
Insert into HVK_RESERVATION_DISCOUNT (DISC_DISCOUNT_NUMBER,RES_RESERVATION_NUMBER) values (2,717);
-- INSERTING into HVK_RUN
/* SET DEFINE OFF; */
Insert into HVK_RUN (RUN_NUMBER,RUN_SIZE,RUN_COVERED,RUN_LOCATION,RUN_STATUS) values (1,'R','F','F',1);
Insert into HVK_RUN (RUN_NUMBER,RUN_SIZE,RUN_COVERED,RUN_LOCATION,RUN_STATUS) values (2,'R','F','F',1);
Insert into HVK_RUN (RUN_NUMBER,RUN_SIZE,RUN_COVERED,RUN_LOCATION,RUN_STATUS) values (3,'R','F','F',1);
Insert into HVK_RUN (RUN_NUMBER,RUN_SIZE,RUN_COVERED,RUN_LOCATION,RUN_STATUS) values (4,'R','F','F',1);
Insert into HVK_RUN (RUN_NUMBER,RUN_SIZE,RUN_COVERED,RUN_LOCATION,RUN_STATUS) values (5,'R','F','F',1);
Insert into HVK_RUN (RUN_NUMBER,RUN_SIZE,RUN_COVERED,RUN_LOCATION,RUN_STATUS) values (6,'L','F','F',1);
Insert into HVK_RUN (RUN_NUMBER,RUN_SIZE,RUN_COVERED,RUN_LOCATION,RUN_STATUS) values (7,'L','F','F',1);
Insert into HVK_RUN (RUN_NUMBER,RUN_SIZE,RUN_COVERED,RUN_LOCATION,RUN_STATUS) values (8,'L','F','F',1);
Insert into HVK_RUN (RUN_NUMBER,RUN_SIZE,RUN_COVERED,RUN_LOCATION,RUN_STATUS) values (9,'L','F','F',1);
Insert into HVK_RUN (RUN_NUMBER,RUN_SIZE,RUN_COVERED,RUN_LOCATION,RUN_STATUS) values (10,'L','F','F',1);
Insert into HVK_RUN (RUN_NUMBER,RUN_SIZE,RUN_COVERED,RUN_LOCATION,RUN_STATUS) values (11,'L','F','F',1);
Insert into HVK_RUN (RUN_NUMBER,RUN_SIZE,RUN_COVERED,RUN_LOCATION,RUN_STATUS) values (12,'L','F','F',1);
Insert into HVK_RUN (RUN_NUMBER,RUN_SIZE,RUN_COVERED,RUN_LOCATION,RUN_STATUS) values (13,'L','F','B',1);
Insert into HVK_RUN (RUN_NUMBER,RUN_SIZE,RUN_COVERED,RUN_LOCATION,RUN_STATUS) values (14,'L','F','B',1);
Insert into HVK_RUN (RUN_NUMBER,RUN_SIZE,RUN_COVERED,RUN_LOCATION,RUN_STATUS) values (15,'L','T','B',1);
Insert into HVK_RUN (RUN_NUMBER,RUN_SIZE,RUN_COVERED,RUN_LOCATION,RUN_STATUS) values (16,'L','T','B',1);
Insert into HVK_RUN (RUN_NUMBER,RUN_SIZE,RUN_COVERED,RUN_LOCATION,RUN_STATUS) values (17,'L','T','B',1);
Insert into HVK_RUN (RUN_NUMBER,RUN_SIZE,RUN_COVERED,RUN_LOCATION,RUN_STATUS) values (18,'R','T','B',1);
Insert into HVK_RUN (RUN_NUMBER,RUN_SIZE,RUN_COVERED,RUN_LOCATION,RUN_STATUS) values (19,'R','T','B',1);
Insert into HVK_RUN (RUN_NUMBER,RUN_SIZE,RUN_COVERED,RUN_LOCATION,RUN_STATUS) values (20,'R','T','B',1);
Insert into HVK_RUN (RUN_NUMBER,RUN_SIZE,RUN_COVERED,RUN_LOCATION,RUN_STATUS) values (21,'R','F','B',1);
Insert into HVK_RUN (RUN_NUMBER,RUN_SIZE,RUN_COVERED,RUN_LOCATION,RUN_STATUS) values (22,'R','F','B',1);
Insert into HVK_RUN (RUN_NUMBER,RUN_SIZE,RUN_COVERED,RUN_LOCATION,RUN_STATUS) values (23,'R','F','B',1);
Insert into HVK_RUN (RUN_NUMBER,RUN_SIZE,RUN_COVERED,RUN_LOCATION,RUN_STATUS) values (24,'R','F','B',1);

-- INSERTING into HVK_SERVICE
/* SET DEFINE OFF; */
Insert into HVK_SERVICE (SERVICE_NUMBER,SERVICE_DESCRIPTION) values (1,'Boarding');
Insert into HVK_SERVICE (SERVICE_NUMBER,SERVICE_DESCRIPTION) values (2,'Walk');
Insert into HVK_SERVICE (SERVICE_NUMBER,SERVICE_DESCRIPTION) values (3,'Grooming');
Insert into HVK_SERVICE (SERVICE_NUMBER,SERVICE_DESCRIPTION) values (4,'Medication');
Insert into HVK_SERVICE (SERVICE_NUMBER,SERVICE_DESCRIPTION) values (5,'Playtime');
Insert into HVK_SERVICE (SERVICE_NUMBER,SERVICE_DESCRIPTION) values (6,'Bath');

-- INSERTING into HVK_VACCINATION
/* SET DEFINE OFF; */
Insert into HVK_VACCINATION (VACCINATION_NUMBER,VACCINATION_PET_TYPE,VACCINATION_NAME) values (1,'D','Bordetella');
Insert into HVK_VACCINATION (VACCINATION_NUMBER,VACCINATION_PET_TYPE,VACCINATION_NAME) values (2,'D','Distemper');
Insert into HVK_VACCINATION (VACCINATION_NUMBER,VACCINATION_PET_TYPE,VACCINATION_NAME) values (3,'D','Hepatitis');
Insert into HVK_VACCINATION (VACCINATION_NUMBER,VACCINATION_PET_TYPE,VACCINATION_NAME) values (4,'D','Parainfluenza');
Insert into HVK_VACCINATION (VACCINATION_NUMBER,VACCINATION_PET_TYPE,VACCINATION_NAME) values (5,'D','Parovirus');
Insert into HVK_VACCINATION (VACCINATION_NUMBER,VACCINATION_PET_TYPE,VACCINATION_NAME) values (6,'D','Rabies');
Insert into HVK_VACCINATION (VACCINATION_NUMBER,VACCINATION_PET_TYPE,VACCINATION_NAME) values (10,'C','Rabies');
Insert into HVK_VACCINATION (VACCINATION_NUMBER,VACCINATION_PET_TYPE,VACCINATION_NAME) values (7,'C','Panleukopenia');
Insert into HVK_VACCINATION (VACCINATION_NUMBER,VACCINATION_PET_TYPE,VACCINATION_NAME) values (8,'C','Rhinotracheitis');
Insert into HVK_VACCINATION (VACCINATION_NUMBER,VACCINATION_PET_TYPE,VACCINATION_NAME) values (9,'C','Calicivirus');

-- SQLINES DEMO *** ---------------------------------------------------
-- SQLINES DEMO *** Table HVK_PET
-- SQLINES DEMO *** ------------------------------------

  ALTER TABLE HVK_PET ADD CONSTRAINT PET_PK PRIMARY KEY (PET_NUMBER);
 
  /* SQLines: Moved to CREATE TABLE
ALTER TABLE HVK_PET MODIFY (PET_NUMBER NOT NULL ENABLE); */
 
  /* SQLines: Moved to CREATE TABLE
ALTER TABLE HVK_PET MODIFY (PET_NAME NOT NULL ENABLE); */
 
  /* SQLines: Moved to CREATE TABLE
ALTER TABLE HVK_PET MODIFY (PET_GENDER NOT NULL ENABLE); */
 
  ALTER TABLE HVK_PET ADD PET_FIXED CHAR(1) ;

  GO
 
  /* SQLines: Moved to CREATE TABLE
ALTER TABLE HVK_PET MODIFY (CUST_CUSTOMER_NUMBER NOT NULL ENABLE); */
 
  ALTER TABLE HVK_PET ADD CONSTRAINT SYS_C00262057 CHECK (PET_GENDER IN ('F', 'M'));
 
  ALTER TABLE HVK_PET ADD CONSTRAINT SYS_C00262058 CHECK (PET_FIXED  IN ('F', 'T'));

  GO

-- SQLINES DEMO *** ------------------------------------
-- SQLINES DEMO *** Table HVK_PET_RESERVATION_SERVICE
-- SQLINES DEMO *** ------------------------------------

  ALTER TABLE HVK_PET_RESERVATION_SERVICE ADD CONSTRAINT PET_RESERVATION_SERVICE_PK PRIMARY KEY (PR_PET_RES_NUMBER, SERV_SERVICE_NUMBER);
 
  /* SQLines: Moved to CREATE TABLE
ALTER TABLE HVK_PET_RESERVATION_SERVICE MODIFY (PR_PET_RES_NUMBER NOT NULL ENABLE); */
 
  /* SQLines: Moved to CREATE TABLE
ALTER TABLE HVK_PET_RESERVATION_SERVICE MODIFY (SERV_SERVICE_NUMBER NOT NULL ENABLE); */
-- SQLINES DEMO *** ------------------------------------
-- SQLINES DEMO *** Table HVK_SERVICE
-- SQLINES DEMO *** ------------------------------------

  ALTER TABLE HVK_SERVICE ADD CONSTRAINT SERVICE_PK PRIMARY KEY (SERVICE_NUMBER);
 
  /* SQLines: Moved to CREATE TABLE
ALTER TABLE HVK_SERVICE MODIFY (SERVICE_NUMBER NOT NULL ENABLE); */
 
  /* SQLines: Moved to CREATE TABLE
ALTER TABLE HVK_SERVICE MODIFY (SERVICE_DESCRIPTION NOT NULL ENABLE); */
-- SQLINES DEMO *** ------------------------------------
-- SQLINES DEMO *** Table HVK_PET_FOOD
-- SQLINES DEMO *** ------------------------------------

  ALTER TABLE HVK_PET_FOOD ADD CONSTRAINT PET_FOOD_PK PRIMARY KEY (PR_PET_RES_NUMBER, FOOD_FOOD_NUMBER);
 
  /* SQLines: Moved to CREATE TABLE
ALTER TABLE HVK_PET_FOOD MODIFY (PET_FOOD_FREQUENCY NOT NULL ENABLE); */
 
  /* SQLines: Moved to CREATE TABLE
ALTER TABLE HVK_PET_FOOD MODIFY (PR_PET_RES_NUMBER NOT NULL ENABLE); */
 
  /* SQLines: Moved to CREATE TABLE
ALTER TABLE HVK_PET_FOOD MODIFY (FOOD_FOOD_NUMBER NOT NULL ENABLE); */
 
  ALTER TABLE HVK_PET_FOOD ADD CHECK ( PET_FOOD_FREQUENCY IN (1, 2));
-- SQLINES DEMO *** ------------------------------------
-- SQLINES DEMO *** Table HVK_RESERVATION
-- SQLINES DEMO *** ------------------------------------

  ALTER TABLE HVK_RESERVATION ADD CONSTRAINT RESERVATION_PK PRIMARY KEY (RESERVATION_NUMBER);
 
  ALTER TABLE HVK_RESERVATION ADD CONSTRAINT RES_STATUS_CHK CHECK ( RESERVATION_STATUS IN (1, 2, 3, 4,5));
 
  /* SQLines: Moved to CREATE TABLE
ALTER TABLE HVK_RESERVATION MODIFY (RESERVATION_NUMBER NOT NULL ENABLE); */
 
  /* SQLines: Moved to CREATE TABLE
ALTER TABLE HVK_RESERVATION MODIFY (RESERVATION_START_DATE NOT NULL ENABLE); */
 
  /* SQLines: Moved to CREATE TABLE
ALTER TABLE HVK_RESERVATION MODIFY (RESERVATION_END_DATE NOT NULL ENABLE); */
 
  /* SQLines: Moved to CREATE TABLE
ALTER TABLE HVK_RESERVATION MODIFY (RESERVATION_STATUS NOT NULL ENABLE); */
-- SQLINES DEMO *** ------------------------------------
-- SQLINES DEMO *** Table HVK_RESERVATION_DISCOUNT
-- SQLINES DEMO *** ------------------------------------

  ALTER TABLE HVK_RESERVATION_DISCOUNT ADD CONSTRAINT RES_DISC_PK PRIMARY KEY (DISC_DISCOUNT_NUMBER, RES_RESERVATION_NUMBER);
 
  /* SQLines: Moved to CREATE TABLE
ALTER TABLE HVK_RESERVATION_DISCOUNT MODIFY (DISC_DISCOUNT_NUMBER NOT NULL ENABLE); */
 
  /* SQLines: Moved to CREATE TABLE
ALTER TABLE HVK_RESERVATION_DISCOUNT MODIFY (RES_RESERVATION_NUMBER NOT NULL ENABLE); */
-- SQLINES DEMO *** ------------------------------------
-- SQLINES DEMO *** Table HVK_VACCINATION
-- SQLINES DEMO *** ------------------------------------

  /* SQLines: Moved to CREATE TABLE
ALTER TABLE HVK_VACCINATION MODIFY (VACCINATION_NUMBER NOT NULL ENABLE); */
 
  /* SQLines: Moved to CREATE TABLE
ALTER TABLE HVK_VACCINATION MODIFY (VACCINATION_PET_TYPE NOT NULL ENABLE); */
 
  /* SQLines: Moved to CREATE TABLE
ALTER TABLE HVK_VACCINATION MODIFY (VACCINATION_NAME NOT NULL ENABLE); */
 
  ALTER TABLE HVK_VACCINATION ADD CHECK ( VACCINATION_PET_TYPE IN ('C', 'D'));
 
  ALTER TABLE HVK_VACCINATION ADD CONSTRAINT VACCINATION_PK PRIMARY KEY (VACCINATION_NUMBER);
-- SQLINES DEMO *** ------------------------------------
-- SQLINES DEMO *** Table HVK_CUSTOMER
-- SQLINES DEMO *** ------------------------------------

  ALTER TABLE HVK_CUSTOMER ADD CONSTRAINT CUSTOMER_PK PRIMARY KEY (CUSTOMER_NUMBER);
 
  /* SQLines: Moved to CREATE TABLE
ALTER TABLE HVK_CUSTOMER MODIFY (CUSTOMER_NUMBER NOT NULL ENABLE); */
 
  /* SQLines: Moved to CREATE TABLE
ALTER TABLE HVK_CUSTOMER MODIFY (CUSTOMER_FIRST_NAME NOT NULL ENABLE); */
 
  /* SQLines: Moved to CREATE TABLE
ALTER TABLE HVK_CUSTOMER MODIFY (CUSTOMER_LAST_NAME NOT NULL ENABLE); */
 
  ALTER TABLE HVK_CUSTOMER ADD CHECK ( CUSTOMER_PROVINCE IN ('ON', 'QC'));
-- SQLINES DEMO *** ------------------------------------
-- SQLINES DEMO *** Table HVK_CAT
-- SQLINES DEMO *** ------------------------------------

  ALTER TABLE HVK_CAT ADD CONSTRAINT CAT_PK PRIMARY KEY (PET_PET_NUMBER);
 
  /* SQLines: Moved to CREATE TABLE
ALTER TABLE HVK_CAT MODIFY (PET_PET_NUMBER NOT NULL ENABLE); */
 
  ALTER TABLE HVK_CAT ADD CHECK ( CAT_INDOOR_OUTDOOR IN ('F', 'T'));
-- SQLINES DEMO *** ------------------------------------
-- SQLINES DEMO *** Table HVK_RUN
-- SQLINES DEMO *** ------------------------------------

  ALTER TABLE HVK_RUN ADD CONSTRAINT RUN_LOCATION_CHK CHECK ( RUN_LOCATION IN ('B', 'F'));
 
  ALTER TABLE HVK_RUN ADD CONSTRAINT RUN_PK PRIMARY KEY (RUN_NUMBER);
 
  ALTER TABLE HVK_RUN ADD CONSTRAINT RUN_SIZE_CHK CHECK ( RUN_SIZE         IN ('L', 'R'));
 
  ALTER TABLE HVK_RUN ADD CONSTRAINT RUN_STATUS_CHK CHECK ( RUN_STATUS     IN (1, 2, 3, 4));
 
  /* SQLines: Moved to CREATE TABLE
ALTER TABLE HVK_RUN MODIFY (RUN_NUMBER NOT NULL ENABLE); */
 
  /* SQLines: Moved to CREATE TABLE
ALTER TABLE HVK_RUN MODIFY (RUN_SIZE NOT NULL ENABLE); */
 
  ALTER TABLE HVK_RUN ADD CHECK ( RUN_COVERED                              IN ('F', 'T'));
-- SQLINES DEMO *** ------------------------------------
-- SQLINES DEMO *** Table HVK_MEDICATION
-- SQLINES DEMO *** ------------------------------------

  ALTER TABLE HVK_MEDICATION ADD CONSTRAINT MEDICATION_PK PRIMARY KEY (MEDICATION_NUMBER);
 
  /* SQLines: Moved to CREATE TABLE
ALTER TABLE HVK_MEDICATION MODIFY (MEDICATION_NUMBER NOT NULL ENABLE); */
 
  /* SQLines: Moved to CREATE TABLE
ALTER TABLE HVK_MEDICATION MODIFY (MEDICATION_NAME NOT NULL ENABLE); */
 
  /* SQLines: Moved to CREATE TABLE
ALTER TABLE HVK_MEDICATION MODIFY (PR_PET_RES_NUMBER NOT NULL ENABLE); */
-- SQLINES DEMO *** ------------------------------------
-- SQLINES DEMO *** Table HVK_DAILY_RATE
-- SQLINES DEMO *** ------------------------------------

  ALTER TABLE HVK_DAILY_RATE ADD CONSTRAINT DAILY_RATE_PK PRIMARY KEY (DAILY_RATE_NUMBER);
 
  ALTER TABLE HVK_DAILY_RATE ADD CONSTRAINT DR_NUM_CATS_CHK CHECK ( DAILY_RATE_NUMBER_OF_CATS IN (1, 2));
 
  /* SQLines: Moved to CREATE TABLE
ALTER TABLE HVK_DAILY_RATE MODIFY (DAILY_RATE_NUMBER NOT NULL ENABLE); */
 
  /* SQLines: Moved to CREATE TABLE
ALTER TABLE HVK_DAILY_RATE MODIFY (DAILY_RATE NOT NULL ENABLE); */
 
  /* SQLines: Moved to CREATE TABLE
ALTER TABLE HVK_DAILY_RATE MODIFY (DAILY_RATE_PET_TYPE NOT NULL ENABLE); */
 
  ALTER TABLE HVK_DAILY_RATE ADD CHECK ( DAILY_RATE_PET_TYPE                                  IN ('C', 'D'));
 
  ALTER TABLE HVK_DAILY_RATE ADD CHECK ( DAILY_RATE_DOG_SIZE                                  IN ('L', 'M', 'S'));

-- SQLINES DEMO *** ------------------------------------
-- SQLINES DEMO *** Table HVK_CAT_SUITE_TYPE
-- SQLINES DEMO *** ------------------------------------

  ALTER TABLE HVK_CAT_SUITE_TYPE ADD CONSTRAINT CAT_SUITE_TYPE_PK PRIMARY KEY (CAT_SUITE_TYPE_NUMBER);
 
  ALTER TABLE HVK_CAT_SUITE_TYPE ADD CONSTRAINT CS_MAX_OCCUPANCY_CHK CHECK ( CAT_SUITE_MAXIMUM_OCCUPANCY IN (1, 2));
 
  /* SQLines: Moved to CREATE TABLE
ALTER TABLE HVK_CAT_SUITE_TYPE MODIFY (CAT_SUITE_TYPE_NUMBER NOT NULL ENABLE); */
 
  /* SQLines: Moved to CREATE TABLE
ALTER TABLE HVK_CAT_SUITE_TYPE MODIFY (CAT_SUITE_MAXIMUM_OCCUPANCY NOT NULL ENABLE); */
 
  /* SQLines: Moved to CREATE TABLE
ALTER TABLE HVK_CAT_SUITE_TYPE MODIFY (SUITE_DESCRIPTION NOT NULL ENABLE); */
-- SQLINES DEMO *** ------------------------------------
-- SQLINES DEMO *** Table HVK_PET_RESERVATION
-- SQLINES DEMO *** ------------------------------------

  ALTER TABLE HVK_PET_RESERVATION ADD CONSTRAINT FKARC_3 CHECK ( ( (RUN_RUN_NUMBER IS NOT NULL) AND (CS_CAT_SUITE_NUMBER IS NULL) ) OR ( (CS_CAT_SUITE_NUMBER IS NOT NULL) AND (RUN_RUN_NUMBER IS NULL) ) OR ( (RUN_RUN_NUMBER IS NULL) AND (CS_CAT_SUITE_NUMBER IS NULL) ) );
 
  ALTER TABLE HVK_PET_RESERVATION ADD CONSTRAINT PET_RESERVATION_PK PRIMARY KEY (PET_RES_NUMBER);
 
  /* SQLines: Moved to CREATE TABLE
ALTER TABLE HVK_PET_RESERVATION MODIFY (PET_RES_NUMBER NOT NULL ENABLE); */
 
  /* SQLines: Moved to CREATE TABLE
ALTER TABLE HVK_PET_RESERVATION MODIFY (PET_PET_NUMBER NOT NULL ENABLE); */
 
  /* SQLines: Moved to CREATE TABLE
ALTER TABLE HVK_PET_RESERVATION MODIFY (RES_RESERVATION_NUMBER NOT NULL ENABLE); */
-- SQLINES DEMO *** ------------------------------------
-- SQLINES DEMO *** Table HVK_CAT_SUITE
-- SQLINES DEMO *** ------------------------------------

  ALTER TABLE HVK_CAT_SUITE ADD CONSTRAINT CAT_SUITE_PK PRIMARY KEY (CAT_SUITE_NUMBER);
 
  ALTER TABLE HVK_CAT_SUITE ADD CONSTRAINT CAT_SUITE_STATUS_CK CHECK ( SUITE_STATUS IN (1, 2, 3, 4));
 
  /* SQLines: Moved to CREATE TABLE
ALTER TABLE HVK_CAT_SUITE MODIFY (CAT_SUITE_NUMBER NOT NULL ENABLE); */
 
  /* SQLines: Moved to CREATE TABLE
ALTER TABLE HVK_CAT_SUITE MODIFY (SUITE_STATUS NOT NULL ENABLE); */
 
  /* SQLines: Moved to CREATE TABLE
ALTER TABLE HVK_CAT_SUITE MODIFY (CST_CAT_SUITE_TYPE_NUMBER NOT NULL ENABLE); */
-- SQLINES DEMO *** ------------------------------------
-- SQLINES DEMO *** Table HVK_PET_RESERVATION_DISCOUNT
-- SQLINES DEMO *** ------------------------------------

  ALTER TABLE HVK_PET_RESERVATION_DISCOUNT ADD CONSTRAINT PET_RES_DISC_PK PRIMARY KEY (DISC_DISCOUNT_NUMBER, PR_PET_RES_NUMBER);
 
  /* SQLines: Moved to CREATE TABLE
ALTER TABLE HVK_PET_RESERVATION_DISCOUNT MODIFY (DISC_DISCOUNT_NUMBER NOT NULL ENABLE); */
 
  /* SQLines: Moved to CREATE TABLE
ALTER TABLE HVK_PET_RESERVATION_DISCOUNT MODIFY (PR_PET_RES_NUMBER NOT NULL ENABLE); */
-- SQLINES DEMO *** ------------------------------------
-- SQLINES DEMO *** Table HVK_DOG
-- SQLINES DEMO *** ------------------------------------

  ALTER TABLE HVK_DOG ADD CONSTRAINT DOG_PK PRIMARY KEY (PET_PET_NUMBER);
 
  /* SQLines: Moved to CREATE TABLE
ALTER TABLE HVK_DOG MODIFY (PET_PET_NUMBER NOT NULL ENABLE); */
 
  ALTER TABLE HVK_DOG ADD CHECK (DOG_SIZE='L' OR DOG_SIZE='M' OR DOG_SIZE='S');
-- SQLINES DEMO *** ------------------------------------
-- SQLINES DEMO *** Table HVK_FOOD
-- SQLINES DEMO *** ------------------------------------

  ALTER TABLE HVK_FOOD ADD CONSTRAINT FOOD_PK PRIMARY KEY (FOOD_NUMBER);
 
  /* SQLines: Moved to CREATE TABLE
ALTER TABLE HVK_FOOD MODIFY (FOOD_NUMBER NOT NULL ENABLE); */
 
  /* SQLines: Moved to CREATE TABLE
ALTER TABLE HVK_FOOD MODIFY (FOOD_BRAND NOT NULL ENABLE); */
 
  /* SQLines: Moved to CREATE TABLE
ALTER TABLE HVK_FOOD MODIFY (FOOD_PET_TYPE NOT NULL ENABLE); */
 
  ALTER TABLE HVK_FOOD ADD CHECK ( FOOD_PET_TYPE IN ('C', 'D'));
-- SQLINES DEMO *** ------------------------------------
-- SQLINES DEMO *** Table HVK_PET_VACCINATION
-- SQLINES DEMO *** ------------------------------------

  ALTER TABLE HVK_PET_VACCINATION ADD CONSTRAINT PET_VACCINATION_PK PRIMARY KEY (VACC_VACCINATION_NUMBER, PET_PET_NUMBER);
 
  /* SQLines: Moved to CREATE TABLE
ALTER TABLE HVK_PET_VACCINATION MODIFY (VACCINATION_EXPIRY_DATE NOT NULL ENABLE); */
 
  /* SQLines: Moved to CREATE TABLE
ALTER TABLE HVK_PET_VACCINATION MODIFY (VACC_VACCINATION_NUMBER NOT NULL ENABLE); */
 
  /* SQLines: Moved to CREATE TABLE
ALTER TABLE HVK_PET_VACCINATION MODIFY (PET_PET_NUMBER NOT NULL ENABLE); */

-- SQLINES DEMO *** ------------------------------------
-- SQLINES DEMO *** Table HVK_DISCOUNT
-- SQLINES DEMO *** ------------------------------------

  ALTER TABLE HVK_DISCOUNT ADD CONSTRAINT DISCOUNT_PK PRIMARY KEY (DISCOUNT_NUMBER);
 
  ALTER TABLE HVK_DISCOUNT ADD CONSTRAINT DISCOUNT_TYPE_CHK CHECK ( DISCOUNT_TYPE IN ('D', 'T'));
 
  /* SQLines: Moved to CREATE TABLE
ALTER TABLE HVK_DISCOUNT MODIFY (DISCOUNT_NUMBER NOT NULL ENABLE); */
 
  /* SQLines: Moved to CREATE TABLE
ALTER TABLE HVK_DISCOUNT MODIFY (DISCOUNT_DESCRIPTION NOT NULL ENABLE); */
 
  /* SQLines: Moved to CREATE TABLE
ALTER TABLE HVK_DISCOUNT MODIFY (DISCOUNT_PERCENTAGE NOT NULL ENABLE); */
 
  /* SQLines: Moved to CREATE TABLE
ALTER TABLE HVK_DISCOUNT MODIFY (DISCOUNT_TYPE NOT NULL ENABLE); */
-- SQLINES DEMO *** ------------------------------------
-- SQLINES DEMO *** for Table HVK_CAT_SUITE
-- SQLINES DEMO *** ------------------------------------

  ALTER TABLE HVK_CAT_SUITE ADD CONSTRAINT CS_CST_FK FOREIGN KEY (CST_CAT_SUITE_TYPE_NUMBER)
	  REFERENCES HVK_CAT_SUITE_TYPE (CAT_SUITE_TYPE_NUMBER);
-- SQLINES DEMO *** ------------------------------------
-- SQLINES DEMO *** for Table HVK_DAILY_RATE
-- SQLINES DEMO *** ------------------------------------

  ALTER TABLE HVK_DAILY_RATE ADD CONSTRAINT DR_CST_FK FOREIGN KEY (CST_CAT_SUITE_TYPE_NUMBER)
	  REFERENCES HVK_CAT_SUITE_TYPE (CAT_SUITE_TYPE_NUMBER);
 
  ALTER TABLE HVK_DAILY_RATE ADD CONSTRAINT DR_SERV_FK FOREIGN KEY (SERV_SERVICE_NUMBER)
	  REFERENCES HVK_SERVICE (SERVICE_NUMBER);

-- SQLINES DEMO *** ------------------------------------
-- SQLINES DEMO *** for Table HVK_MEDICATION
-- SQLINES DEMO *** ------------------------------------

  ALTER TABLE HVK_MEDICATION ADD CONSTRAINT MED_PR_FK FOREIGN KEY (PR_PET_RES_NUMBER)
	  REFERENCES HVK_PET_RESERVATION (PET_RES_NUMBER);
-- SQLINES DEMO *** ------------------------------------
-- SQLINES DEMO *** for Table HVK_PET
-- SQLINES DEMO *** ------------------------------------

  ALTER TABLE HVK_PET ADD CONSTRAINT PET_OWN_FK FOREIGN KEY (CUST_CUSTOMER_NUMBER)
	  REFERENCES HVK_CUSTOMER (CUSTOMER_NUMBER) ON DELETE CASCADE;
 
 
-- SQLINES DEMO *** ------------------------------------
-- SQLINES DEMO *** for Table HVK_PET_FOOD
-- SQLINES DEMO *** ------------------------------------

  ALTER TABLE HVK_PET_FOOD ADD CONSTRAINT PF_FOOD_FK FOREIGN KEY (FOOD_FOOD_NUMBER)
	  REFERENCES HVK_FOOD (FOOD_NUMBER);
 
  ALTER TABLE HVK_PET_FOOD ADD CONSTRAINT PF_PR_FK FOREIGN KEY (PR_PET_RES_NUMBER)
	  REFERENCES HVK_PET_RESERVATION (PET_RES_NUMBER);
-- SQLINES DEMO *** ------------------------------------
-- SQLINES DEMO *** for Table HVK_PET_RESERVATION
-- SQLINES DEMO *** ------------------------------------

  ALTER TABLE HVK_PET_RESERVATION ADD CONSTRAINT PR_CS_FK FOREIGN KEY (CS_CAT_SUITE_NUMBER)
	  REFERENCES HVK_CAT_SUITE (CAT_SUITE_NUMBER);
 
  ALTER TABLE HVK_PET_RESERVATION ADD CONSTRAINT PR_PET_FK FOREIGN KEY (PET_PET_NUMBER)
	  REFERENCES HVK_PET (PET_NUMBER);
 
  ALTER TABLE HVK_PET_RESERVATION ADD CONSTRAINT PR_PR_FK FOREIGN KEY (PR_SHARING_WITH)
	  REFERENCES HVK_PET_RESERVATION (PET_RES_NUMBER);
 
  ALTER TABLE HVK_PET_RESERVATION ADD CONSTRAINT PR_RES_FK FOREIGN KEY (RES_RESERVATION_NUMBER)
	  REFERENCES HVK_RESERVATION (RESERVATION_NUMBER);
 
  ALTER TABLE HVK_PET_RESERVATION ADD CONSTRAINT PR_RUN_FK FOREIGN KEY (RUN_RUN_NUMBER)
	  REFERENCES HVK_RUN (RUN_NUMBER);
-- SQLINES DEMO *** ------------------------------------
-- SQLINES DEMO *** for Table HVK_PET_RESERVATION_DISCOUNT
-- SQLINES DEMO *** ------------------------------------

  ALTER TABLE HVK_PET_RESERVATION_DISCOUNT ADD CONSTRAINT PRD_DISC_FK FOREIGN KEY (DISC_DISCOUNT_NUMBER)
	  REFERENCES HVK_DISCOUNT (DISCOUNT_NUMBER);
 
  ALTER TABLE HVK_PET_RESERVATION_DISCOUNT ADD CONSTRAINT PRD_PR_FK FOREIGN KEY (PR_PET_RES_NUMBER)
	  REFERENCES HVK_PET_RESERVATION (PET_RES_NUMBER);
-- SQLINES DEMO *** ------------------------------------
-- SQLINES DEMO *** for Table HVK_PET_RESERVATION_SERVICE
-- SQLINES DEMO *** ------------------------------------

  ALTER TABLE HVK_PET_RESERVATION_SERVICE ADD CONSTRAINT PRS_PR_FK FOREIGN KEY (PR_PET_RES_NUMBER)
	  REFERENCES HVK_PET_RESERVATION (PET_RES_NUMBER);
 
  ALTER TABLE HVK_PET_RESERVATION_SERVICE ADD CONSTRAINT PRS_SERV_FK FOREIGN KEY (SERV_SERVICE_NUMBER)
	  REFERENCES HVK_SERVICE (SERVICE_NUMBER);
-- SQLINES DEMO *** ------------------------------------
-- SQLINES DEMO *** for Table HVK_PET_VACCINATION
-- SQLINES DEMO *** ------------------------------------

  ALTER TABLE HVK_PET_VACCINATION ADD CONSTRAINT PV_PET_FK FOREIGN KEY (PET_PET_NUMBER)
	  REFERENCES HVK_PET (PET_NUMBER);
 
  ALTER TABLE HVK_PET_VACCINATION ADD CONSTRAINT PV_VACC_FK FOREIGN KEY (VACC_VACCINATION_NUMBER)
	  REFERENCES HVK_VACCINATION (VACCINATION_NUMBER);
-- SQLINES DEMO *** ------------------------------------
-- SQLINES DEMO *** for Table HVK_RESERVATION_DISCOUNT
-- SQLINES DEMO *** ------------------------------------

  ALTER TABLE HVK_RESERVATION_DISCOUNT ADD CONSTRAINT RD_DISC_FK FOREIGN KEY (DISC_DISCOUNT_NUMBER)
	  REFERENCES HVK_DISCOUNT (DISCOUNT_NUMBER);
 
  ALTER TABLE HVK_RESERVATION_DISCOUNT ADD CONSTRAINT RD_RES_FK FOREIGN KEY (RES_RESERVATION_NUMBER)
	  REFERENCES HVK_RESERVATION (RESERVATION_NUMBER);


-- SQLINES DEMO *** dates by 6 years
UPDATE HVK_PET
SET PET_BIRTHDATE = DATEADD(MONTH, 72, PET_BIRTHDATE)
WHERE PET_BIRTHDATE IS NOT NULL;


-- SQLINES DEMO *** ions by 6 years
UPDATE HVK_RESERVATION
SET RESERVATION_START_DATE = DATEADD(MONTH, 72, RESERVATION_START_DATE),
RESERVATION_END_DATE = DATEADD(MONTH, 72, RESERVATION_END_DATE)
WHERE RESERVATION_START_DATE IS NOT NULL AND RESERVATION_END_DATE IS NOT NULL;



-- SQLINES DEMO ***  the past as completed (status = 5)
-- SQLINES DEMO *** future (confirmed = 2) confirmed
-- SQLINES DEMO *** ress as active = 3
UPDATE HVK_RESERVATION
SET RESERVATION_STATUS = 5 
WHERE RESERVATION_END_DATE < CONVERT(datetime, '2022-11-02', 120);

UPDATE HVK_RESERVATION
SET RESERVATION_STATUS = 2 
WHERE RESERVATION_START_DATE >= CONVERT(datetime, '2022-11-02', 120);

UPDATE HVK_RESERVATION
SET RESERVATION_STATUS = 3 
WHERE RESERVATION_START_DATE < CONVERT(datetime, '2022-11-02', 120)
AND RESERVATION_END_DATE >= CONVERT(datetime, '2022-11-02', 120);


-- SQLINES DEMO *** status
-- SQLINES DEMO *** ecked, 'N' otherwise
-- Already in CREATE TABLE
-- 	 alter table HVK_PET_VACCINATION 
--       add VACCINATION_CHECKED_STATUS char(1) default 'N' not NULL;
-- 
-- GO

-- SQLINES DEMO *** as checked if the pet has been in the last 3
-- SQLINES DEMO ***  fixed date
UPDATE HVK_PET_VACCINATION
SET VACCINATION_CHECKED_STATUS = 'Y'
WHERE PET_PET_NUMBER IN (
    SELECT DISTINCT pr.PET_PET_NUMBER 
    FROM HVK_PET_RESERVATION pr
    JOIN HVK_RESERVATION r ON r.RESERVATION_NUMBER = pr.RES_RESERVATION_NUMBER
    WHERE r.RESERVATION_END_DATE BETWEEN DATEADD(MONTH, -3, CONVERT(datetime, '2022-11-02', 120)) AND CONVERT(datetime, '2022-11-02', 120)
);

GO

-- SQLINES DEMO *** n expiries by 6 years
UPDATE HVK_PET_VACCINATION
SET VACCINATION_EXPIRY_DATE = DATEADD(MONTH, 72, VACCINATION_EXPIRY_DATE)
WHERE VACCINATION_EXPIRY_DATE IS NOT NULL;


-- ad... SQLINES DEMO ***
alter table hvk_pet add  PET_TYPE  CHAR(1); /* C|D */
GO

UPDATE HVK_PET
SET PET_TYPE = 'C' 
where pet_number in (select pet_pet_number from hvk_cat C where c.pet_pet_number = pet_number);
UPDATE HVK_PET
SET PET_TYPE = 'D' 
where pet_number in (select pet_pet_number from hvk_dog D where D.pet_pet_number = pet_number);




