USE master;
ALTER DATABASE J10LAB12_STUDENTNUMBER SET SINGLE_USER WITH ROLLBACK IMMEDIATE;
DROP DATABASE IF EXISTS J10LAB12_STUDENTNUMBER;
CREATE DATABASE J10LAB12_STUDENTNUMBER;
USE J10LAB12_STUDENTNUMBER;

-- SQLINES DEMO *** ------------------------------------
-- SQLINES DEMO *** 2022
-- SQLINES DEMO *** 0 version
-- SQLINES DEMO *** ege info to add new students, terms,
-- SQLINES DEMO *** tc.
												
-- SQLINES DEMO *** ------------------------------------
-- SQLINES DEMO *** ------------------------------------
DROP TABLE IF EXISTS dbo.IU_COURSE;
DROP TABLE IF EXISTS dbo.IU_CRSSECTION;
DROP TABLE IF EXISTS dbo.IU_DEPARTMENT;
DROP TABLE IF EXISTS dbo.IU_FACULTY;
DROP TABLE IF EXISTS dbo.IU_LOCATION;
DROP TABLE IF EXISTS dbo.IU_MAJOR;
DROP TABLE IF EXISTS dbo.IU_REGISTRATION;
DROP TABLE IF EXISTS dbo.IU_ROOM;
DROP TABLE IF EXISTS dbo.IU_STUDENT;
DROP TABLE IF EXISTS dbo.IU_TERM;
DROP TABLE IF EXISTS dbo.NN_DEPENDENT;
DROP TABLE IF EXISTS dbo.NN_DEPT;
DROP TABLE IF EXISTS dbo.NN_EMPLEVEL;
DROP TABLE IF EXISTS dbo.NN_JOB_HISTORY;
DROP TABLE IF EXISTS dbo.NN_POSITION;
DROP TABLE IF EXISTS dbo.NN_QUALIFICATION;
DROP TABLE IF EXISTS dbo.NN_EMPLOYEE;


-- SQLINES DEMO *** ------------------------------------
-- SQLINES DEMO *** _COURSE
-- SQLINES DEMO *** ------------------------------------

  -- SQLINES FOR EVALUATION USE ONLY (14 DAYS)
  CREATE TABLE [IU_COURSE] 
   (	[COURSEID] VARCHAR(6) NOT NULL /* SQLines: Added for PK */, 
	[TITLE] VARCHAR(30), 
	[CREDITS] SMALLINT, 
	[PREREQ] VARCHAR(6), 
	[LECTURE_HOURS] SMALLINT DEFAULT 3, 
	[LAB_HOURS] SMALLINT DEFAULT 0, 
	[HOMEWORK_HOURS] SMALLINT DEFAULT 3, 
	[DEPTID] SMALLINT
   )
   ;
-- SQLINES DEMO *** ------------------------------------
-- SQLINES DEMO *** _CRSSECTION
-- SQLINES DEMO *** ------------------------------------

  CREATE TABLE [IU_CRSSECTION] 
   (	[CSID] SMALLINT NOT NULL /* SQLines: Added for PK */, 
	[COURSEID] VARCHAR(6) NOT NULL, 
	[SECTION] CHAR(2) NOT NULL, 
	[TERMID] CHAR(4) NOT NULL, 
	[FACULTYID] SMALLINT, 
	[DAY] VARCHAR(2), 
	[STARTTIME] VARCHAR(5), 
	[ENDTIME] VARCHAR(5), 
	[ROOMID] SMALLINT, 
	[MAXCOUNT] SMALLINT
   )
   ;
-- SQLINES DEMO *** ------------------------------------
-- SQLINES DEMO *** _DEPARTMENT
-- SQLINES DEMO *** ------------------------------------

  CREATE TABLE [IU_DEPARTMENT] 
   (	[DEPTID] SMALLINT NOT NULL /* SQLines: Added for PK */, 
	[DEPTNAME] VARCHAR(25) NOT NULL, 
	[FACULTYID] SMALLINT
   )
   ;
-- SQLINES DEMO *** ------------------------------------
-- SQLINES DEMO *** _FACULTY
-- SQLINES DEMO *** ------------------------------------

  CREATE TABLE [IU_FACULTY] 
   (	[FACULTYID] SMALLINT NOT NULL /* SQLines: Added for PK */, 
	[NAME] VARCHAR(15) NOT NULL, 
	[ROOMID] SMALLINT, 
	[PHONE] CHAR(4), 
	[DEPTID] SMALLINT
   )
   ;
-- SQLINES DEMO *** ------------------------------------
-- SQLINES DEMO *** _LOCATION
-- SQLINES DEMO *** ------------------------------------

  CREATE TABLE [IU_LOCATION] 
   (	[ROOMID] SMALLINT NOT NULL /* SQLines: Added for PK */, 
	[BUILDING] VARCHAR(10) DEFAULT 'Heritage' NOT NULL, 
	[ROOMNO] VARCHAR(5) NOT NULL, 
	[CAPACITY] SMALLINT, 
	[ROOMTYPE] CHAR(1)
   )
   ;
-- SQLINES DEMO *** ------------------------------------
-- SQLINES DEMO *** _MAJOR
-- SQLINES DEMO *** ------------------------------------

  CREATE TABLE [IU_MAJOR] 
   (	[MAJORID] SMALLINT NOT NULL /* SQLines: Added for PK */, 
	[MAJORDESC] VARCHAR(25)
   )
   ;
-- SQLINES DEMO *** ------------------------------------
-- SQLINES DEMO *** _REGISTRATION
-- SQLINES DEMO *** ------------------------------------

  CREATE TABLE [IU_REGISTRATION] 
   (	[STUDENTID] CHAR(5) NOT NULL /* SQLines: Added for PK */, 
	[CSID] SMALLINT NOT NULL /* SQLines: Added for PK */, 
	[MIDTERM] CHAR(1), 
	[FINAL] CHAR(1), 
	[REGSTATUS] CHAR(1)
   )
   ;
-- SQLINES DEMO *** ------------------------------------
-- SQLINES DEMO *** _ROOM
-- SQLINES DEMO *** ------------------------------------

  CREATE TABLE [IU_ROOM] 
   (	[ROOMTYPE] CHAR(1) NOT NULL /* SQLines: Added for PK */, 
	[ROOMDESC] VARCHAR(9) NOT NULL
   )
   ;
-- SQLINES DEMO *** ------------------------------------
-- SQLINES DEMO *** _STUDENT
-- SQLINES DEMO *** ------------------------------------

  CREATE TABLE [IU_STUDENT] 
   (	[STUDENTID] CHAR(5) NOT NULL /* SQLines: Added for PK */, 
	[LAST] VARCHAR(15) NOT NULL, 
	[FIRST] VARCHAR(15) NOT NULL, 
	[STREET] VARCHAR(25), 
	[CITY] VARCHAR(15), 
	[PROVINCE] CHAR(2), 
	[POSTCODE] CHAR(6), 
	[STARTTERM] CHAR(4), 
	[BIRTHDATE] DATETIME, 
	[FACULTYID] SMALLINT, 
	[MAJORID] SMALLINT, 
	[PHONE] CHAR(10)
   )
   ;
-- SQLINES DEMO *** ------------------------------------
-- SQLINES DEMO *** _TERM
-- SQLINES DEMO *** ------------------------------------

  CREATE TABLE [IU_TERM] 
   (	[TERMID] CHAR(4) NOT NULL /* SQLines: Added for PK */, 
	[TERMDESC] VARCHAR(11), 
	[STARTDATE] DATETIME, 
	[ENDDATE] DATETIME
   )
   ;

CREATE TABLE NN_EMPLEVEL 
	(LevelNo	SMALLINT NOT NULL,
 	LowSalary	INT NOT NULL,
	HighSalary	INT NOT NULL,
	CONSTRAINT NN_EMPLEVEL_LEVEL_PK PRIMARY KEY (LevelNo));  

CREATE TABLE NN_POSITION
	(PositionId	SMALLINT NOT NULL,
	PosDesc	VARCHAR (10) NOT NULL,
	CONSTRAINT NN_POSITION_POSITIONID_PK PRIMARY KEY (PositionId));

CREATE TABLE NN_QUALIFICATION
	(QualId	SMALLINT NOT NULL,
	QualDesc	VARCHAR (11) NOT NULL,
	CONSTRAINT NN_QUALIFICATION_QUALID_PK PRIMARY KEY (QualId));

CREATE TABLE NN_DEPT
	(DeptId	SMALLINT NOT NULL,
	DeptName	VARCHAR (12) NOT NULL,
	Location	VARCHAR (15) NULL,
	EmployeeId	SMALLINT NULL,
	CONSTRAINT NN_DEPT_DEPTID_PK PRIMARY KEY (DeptId));

CREATE TABLE NN_EMPLOYEE 
	(EmployeeId    SMALLINT,
    Lname		VARCHAR (15) NOT NULL,
	Fname 	VARCHAR (15) NOT NULL, 
	PositionId 	SMALLINT NULL, 
	Supervisor	SMALLINT NULL,
    HireDate  	DATETIME       NULL,
	Salary	INT NULL,
    Commission	INT NULL,
    DeptId	SMALLINT NOT NULL,
	QualId	SMALLINT NULL,
	CONSTRAINT NN_EMPLOYEE_EMPLOYEEID_PK 
		PRIMARY KEY (EmployeeId),
	CONSTRAINT NN_EMPLOYEE_POSITIONID_FK FOREIGN KEY (PositionId)
		REFERENCES NN_POSITION (PositionId),
	CONSTRAINT NN_EMPLOYEE_DEPTID_FK FOREIGN KEY (DeptId)
		REFERENCES NN_DEPT (DeptId),
	CONSTRAINT NN_EMPLOYEE_QUALID_FK FOREIGN KEY (QualId)
		REFERENCES NN_QUALIFICATION (QualId));

CREATE TABLE NN_DEPENDENT 
	(EmployeeId SMALLINT NOT NULL,
    DependentId	SMALLINT NOT NULL,
	DepDOB	DATETIME NULL, 
	Relation	VARCHAR (8) NULL,
	CONSTRAINT NN_DEPENDENT_EMPIDDEPID_PK 
            PRIMARY KEY (EmployeeId, DependentId),
	CONSTRAINT NN_DEPENDENT_EMPLOYEEID_FK FOREIGN KEY (EmployeeId)
		REFERENCES NN_EMPLOYEE (EmployeeId));


/* SET DEFINE OFF; */
Insert into IU_COURSE (COURSEID,TITLE,CREDITS,PREREQ,LECTURE_HOURS,LAB_HOURS,HOMEWORK_HOURS,DEPTID) values ('EN100','Basic English',0,null,3,3,3,null);
Insert into IU_COURSE (COURSEID,TITLE,CREDITS,PREREQ,LECTURE_HOURS,LAB_HOURS,HOMEWORK_HOURS,DEPTID) values ('LA123','English Literature',3,'EN100',3,3,3,null);
Insert into IU_COURSE (COURSEID,TITLE,CREDITS,PREREQ,LECTURE_HOURS,LAB_HOURS,HOMEWORK_HOURS,DEPTID) values ('CIS253','Database Systems',3,null,3,3,3,null);
Insert into IU_COURSE (COURSEID,TITLE,CREDITS,PREREQ,LECTURE_HOURS,LAB_HOURS,HOMEWORK_HOURS,DEPTID) values ('CIS265','System Analysis',3,'CIS253',3,3,3,null);
Insert into IU_COURSE (COURSEID,TITLE,CREDITS,PREREQ,LECTURE_HOURS,LAB_HOURS,HOMEWORK_HOURS,DEPTID) values ('AC101','Accounting',3,null,3,3,3,null);
Insert into IU_COURSE (COURSEID,TITLE,CREDITS,PREREQ,LECTURE_HOURS,LAB_HOURS,HOMEWORK_HOURS,DEPTID) values ('MA150','College Algebra',3,null,3,3,3,null);
Insert into IU_COURSE (COURSEID,TITLE,CREDITS,PREREQ,LECTURE_HOURS,LAB_HOURS,HOMEWORK_HOURS,DEPTID) values ('420C30','Web Programming 3',2,null,2,3,3,420);
Insert into IU_COURSE (COURSEID,TITLE,CREDITS,PREREQ,LECTURE_HOURS,LAB_HOURS,HOMEWORK_HOURS,DEPTID) values ('420E10','Systems I',3,null,3,3,3,420);
Insert into IU_COURSE (COURSEID,TITLE,CREDITS,PREREQ,LECTURE_HOURS,LAB_HOURS,HOMEWORK_HOURS,DEPTID) values ('420D10','Database Management 1',3,null,2,4,3,420);
Insert into IU_COURSE (COURSEID,TITLE,CREDITS,PREREQ,LECTURE_HOURS,LAB_HOURS,HOMEWORK_HOURS,DEPTID) values ('420B31','Progamming 3',2,null,2,3,2,420);
Insert into IU_COURSE (COURSEID,TITLE,CREDITS,PREREQ,LECTURE_HOURS,LAB_HOURS,HOMEWORK_HOURS,DEPTID) values ('420D20','Database Management 2',2,'420D10',2,2,2,420);
Insert into IU_COURSE (COURSEID,TITLE,CREDITS,PREREQ,LECTURE_HOURS,LAB_HOURS,HOMEWORK_HOURS,DEPTID) values ('420H30','Web Programming III',3,null,3,3,3,420);
Insert into IU_COURSE (COURSEID,TITLE,CREDITS,PREREQ,LECTURE_HOURS,LAB_HOURS,HOMEWORK_HOURS,DEPTID) values ('420K20','Systems Analysis',3,null,3,3,2,420);
Insert into IU_COURSE (COURSEID,TITLE,CREDITS,PREREQ,LECTURE_HOURS,LAB_HOURS,HOMEWORK_HOURS,DEPTID) values ('420J10','Database Management I',3,null,2,4,3,420);
Insert into IU_COURSE (COURSEID,TITLE,CREDITS,PREREQ,LECTURE_HOURS,LAB_HOURS,HOMEWORK_HOURS,DEPTID) values ('420G30','Progamming III',3,null,2,3,2,420);
Insert into IU_COURSE (COURSEID,TITLE,CREDITS,PREREQ,LECTURE_HOURS,LAB_HOURS,HOMEWORK_HOURS,DEPTID) values ('420J20','Database Management II',3,'420J10',3,3,2,420);
Insert into IU_COURSE (COURSEID,TITLE,CREDITS,PREREQ,LECTURE_HOURS,LAB_HOURS,HOMEWORK_HOURS,DEPTID) values ('420H50','Web Programming V',3,'420K20',3,3,2,420);
-- INSERTING into IU_CRSSECTION
/* SET DEFINE OFF; */
Insert into IU_CRSSECTION (CSID,COURSEID,SECTION,TERMID,FACULTYID,DAY,STARTTIME,ENDTIME,ROOMID,MAXCOUNT) values (4202,'420B31','01','FL16',408,'F','9:00','12:00',42,24);
Insert into IU_CRSSECTION (CSID,COURSEID,SECTION,TERMID,FACULTYID,DAY,STARTTIME,ENDTIME,ROOMID,MAXCOUNT) values (4203,'420D10','01','FL16',409,'M','3:00','5:00',42,24);
Insert into IU_CRSSECTION (CSID,COURSEID,SECTION,TERMID,FACULTYID,DAY,STARTTIME,ENDTIME,ROOMID,MAXCOUNT) values (4204,'420E10','01','FL16',408,'R','9:00','12:00',41,24);
Insert into IU_CRSSECTION (CSID,COURSEID,SECTION,TERMID,FACULTYID,DAY,STARTTIME,ENDTIME,ROOMID,MAXCOUNT) values (4205,'420D10','01','FL18',409,'M','3:00','5:00',42,24);
Insert into IU_CRSSECTION (CSID,COURSEID,SECTION,TERMID,FACULTYID,DAY,STARTTIME,ENDTIME,ROOMID,MAXCOUNT) values (4206,'420E10','01','FL18',410,'F','9:00','12:00',43,24);
Insert into IU_CRSSECTION (CSID,COURSEID,SECTION,TERMID,FACULTYID,DAY,STARTTIME,ENDTIME,ROOMID,MAXCOUNT) values (4207,'420D10','01','FL19',410,'M','3:00','5:00',42,24);
Insert into IU_CRSSECTION (CSID,COURSEID,SECTION,TERMID,FACULTYID,DAY,STARTTIME,ENDTIME,ROOMID,MAXCOUNT) values (4208,'420E10','01','FL19',410,'F','9:00','12:00',43,24);
Insert into IU_CRSSECTION (CSID,COURSEID,SECTION,TERMID,FACULTYID,DAY,STARTTIME,ENDTIME,ROOMID,MAXCOUNT) values (4209,'420J10','01','FL20',410,'F','3:00','5:00',43,24);
Insert into IU_CRSSECTION (CSID,COURSEID,SECTION,TERMID,FACULTYID,DAY,STARTTIME,ENDTIME,ROOMID,MAXCOUNT) values (4210,'420K20','01','FL20',410,'M','9:00','12:00',43,24);
Insert into IU_CRSSECTION (CSID,COURSEID,SECTION,TERMID,FACULTYID,DAY,STARTTIME,ENDTIME,ROOMID,MAXCOUNT) values (1101,'CIS265','01','WN16',111,'MW','09:00','10:30',13,30);
Insert into IU_CRSSECTION (CSID,COURSEID,SECTION,TERMID,FACULTYID,DAY,STARTTIME,ENDTIME,ROOMID,MAXCOUNT) values (1102,'CIS253','01','WN16',123,'TR','09:00','10:30',18,40);
Insert into IU_CRSSECTION (CSID,COURSEID,SECTION,TERMID,FACULTYID,DAY,STARTTIME,ENDTIME,ROOMID,MAXCOUNT) values (1103,'MA150','02','WN16',444,'F','09:00','12:00',15,25);
Insert into IU_CRSSECTION (CSID,COURSEID,SECTION,TERMID,FACULTYID,DAY,STARTTIME,ENDTIME,ROOMID,MAXCOUNT) values (1104,'AC101','10','WN16',345,'MW','10:30','12:00',16,35);
Insert into IU_CRSSECTION (CSID,COURSEID,SECTION,TERMID,FACULTYID,DAY,STARTTIME,ENDTIME,ROOMID,MAXCOUNT) values (1205,'CIS265','01','FL17',null,'MW','09:00','10:30',14,35);
Insert into IU_CRSSECTION (CSID,COURSEID,SECTION,TERMID,FACULTYID,DAY,STARTTIME,ENDTIME,ROOMID,MAXCOUNT) values (1206,'CIS265','02','FL16',111,'TR','09:00','10:30',18,30);
Insert into IU_CRSSECTION (CSID,COURSEID,SECTION,TERMID,FACULTYID,DAY,STARTTIME,ENDTIME,ROOMID,MAXCOUNT) values (1207,'LA123','05','FL17',null,'MW','09:00','10:30',15,30);
Insert into IU_CRSSECTION (CSID,COURSEID,SECTION,TERMID,FACULTYID,DAY,STARTTIME,ENDTIME,ROOMID,MAXCOUNT) values (1208,'CIS253','21','FL16',123,'TR','09:00','10:30',14,40);
Insert into IU_CRSSECTION (CSID,COURSEID,SECTION,TERMID,FACULTYID,DAY,STARTTIME,ENDTIME,ROOMID,MAXCOUNT) values (1209,'CIS253','11','FL16',111,'MW','09:00','10:30',18,40);
Insert into IU_CRSSECTION (CSID,COURSEID,SECTION,TERMID,FACULTYID,DAY,STARTTIME,ENDTIME,ROOMID,MAXCOUNT) values (1210,'CIS253','31','FL17',123,'F','TBA','TBA',11,1);
Insert into IU_CRSSECTION (CSID,COURSEID,SECTION,TERMID,FACULTYID,DAY,STARTTIME,ENDTIME,ROOMID,MAXCOUNT) values (4201,'420C30','01','FL16',402,'T','13:00','16:00',41,24);
Insert into IU_CRSSECTION (CSID,COURSEID,SECTION,TERMID,FACULTYID,DAY,STARTTIME,ENDTIME,ROOMID,MAXCOUNT) values (4301,'420J10','01','FL21',410,'TR','13:00','14:00',44,30);
Insert into IU_CRSSECTION (CSID,COURSEID,SECTION,TERMID,FACULTYID,DAY,STARTTIME,ENDTIME,ROOMID,MAXCOUNT) values (4302,'420J20','01','WN22',410,'F','14:00','16:00',43,24);
Insert into IU_CRSSECTION (CSID,COURSEID,SECTION,TERMID,FACULTYID,DAY,STARTTIME,ENDTIME,ROOMID,MAXCOUNT) values (4303,'420H50','01','WN22',410,'T','13:00','15:00',43,24);
-- INSERTING into IU_DEPARTMENT
/* SET DEFINE OFF; */
Insert into IU_DEPARTMENT (DEPTID,DEPTNAME,FACULTYID) values (1,'Computer Science',111);
Insert into IU_DEPARTMENT (DEPTID,DEPTNAME,FACULTYID) values (2,'Telecommunications',222);
Insert into IU_DEPARTMENT (DEPTID,DEPTNAME,FACULTYID) values (3,'Accounting',333);
Insert into IU_DEPARTMENT (DEPTID,DEPTNAME,FACULTYID) values (4,'Math and Science',444);
Insert into IU_DEPARTMENT (DEPTID,DEPTNAME,FACULTYID) values (5,'Liberal Arts',555);
Insert into IU_DEPARTMENT (DEPTID,DEPTNAME,FACULTYID) values (420,'Heritage Computer Science',409);
-- INSERTING into IU_FACULTY
/* SET DEFINE OFF; */
Insert into IU_FACULTY (FACULTYID,NAME,ROOMID,PHONE,DEPTID) values (111,'Jones',11,'525 ',1);
Insert into IU_FACULTY (FACULTYID,NAME,ROOMID,PHONE,DEPTID) values (222,'Williams',20,'533 ',2);
Insert into IU_FACULTY (FACULTYID,NAME,ROOMID,PHONE,DEPTID) values (123,'Mobley',11,'529 ',1);
Insert into IU_FACULTY (FACULTYID,NAME,ROOMID,PHONE,DEPTID) values (235,'Vajpayee',12,'577 ',2);
Insert into IU_FACULTY (FACULTYID,NAME,ROOMID,PHONE,DEPTID) values (345,'Sen',12,'579 ',3);
Insert into IU_FACULTY (FACULTYID,NAME,ROOMID,PHONE,DEPTID) values (444,'Rivera',21,'544 ',4);
Insert into IU_FACULTY (FACULTYID,NAME,ROOMID,PHONE,DEPTID) values (555,'Chang',17,'587 ',5);
Insert into IU_FACULTY (FACULTYID,NAME,ROOMID,PHONE,DEPTID) values (333,'Collins',17,'599 ',3);
Insert into IU_FACULTY (FACULTYID,NAME,ROOMID,PHONE,DEPTID) values (391,'Turanyi',32,'2071',420);
Insert into IU_FACULTY (FACULTYID,NAME,ROOMID,PHONE,DEPTID) values (402,'McDonald',33,'2083',420);
Insert into IU_FACULTY (FACULTYID,NAME,ROOMID,PHONE,DEPTID) values (407,'Patterson',36,'2701',420);
Insert into IU_FACULTY (FACULTYID,NAME,ROOMID,PHONE,DEPTID) values (408,'Stark',35,'2700',420);
Insert into IU_FACULTY (FACULTYID,NAME,ROOMID,PHONE,DEPTID) values (409,'Chan',37,'1415',420);
Insert into IU_FACULTY (FACULTYID,NAME,ROOMID,PHONE,DEPTID) values (410,'Donahue',38,'1413',420);
-- INSERTING into IU_LOCATION
/* SET DEFINE OFF; */
Insert into IU_LOCATION (ROOMID,BUILDING,ROOMNO,CAPACITY,ROOMTYPE) values (11,'Gandhi','101',2,'O');
Insert into IU_LOCATION (ROOMID,BUILDING,ROOMNO,CAPACITY,ROOMTYPE) values (12,'Gandhi','103',2,'O');
Insert into IU_LOCATION (ROOMID,BUILDING,ROOMNO,CAPACITY,ROOMTYPE) values (13,'Kennedy','202',35,'L');
Insert into IU_LOCATION (ROOMID,BUILDING,ROOMNO,CAPACITY,ROOMTYPE) values (14,'Kennedy','204',50,'L');
Insert into IU_LOCATION (ROOMID,BUILDING,ROOMNO,CAPACITY,ROOMTYPE) values (15,'Nehru','301',50,'C');
Insert into IU_LOCATION (ROOMID,BUILDING,ROOMNO,CAPACITY,ROOMTYPE) values (16,'Nehru','309',45,'C');
Insert into IU_LOCATION (ROOMID,BUILDING,ROOMNO,CAPACITY,ROOMTYPE) values (17,'Gandhi','105',2,'O');
Insert into IU_LOCATION (ROOMID,BUILDING,ROOMNO,CAPACITY,ROOMTYPE) values (18,'Kennedy','206',40,'L');
Insert into IU_LOCATION (ROOMID,BUILDING,ROOMNO,CAPACITY,ROOMTYPE) values (19,'Kennedy','210',30,'L');
Insert into IU_LOCATION (ROOMID,BUILDING,ROOMNO,CAPACITY,ROOMTYPE) values (20,'Gandhi','107',2,'O');
Insert into IU_LOCATION (ROOMID,BUILDING,ROOMNO,CAPACITY,ROOMTYPE) values (21,'Gandhi','109',2,'O');
Insert into IU_LOCATION (ROOMID,BUILDING,ROOMNO,CAPACITY,ROOMTYPE) values (33,'Heritage','B201A',1,'O');
Insert into IU_LOCATION (ROOMID,BUILDING,ROOMNO,CAPACITY,ROOMTYPE) values (32,'Heritage','B207',1,'O');
Insert into IU_LOCATION (ROOMID,BUILDING,ROOMNO,CAPACITY,ROOMTYPE) values (34,'Heritage','C217',2,'O');
Insert into IU_LOCATION (ROOMID,BUILDING,ROOMNO,CAPACITY,ROOMTYPE) values (35,'Heritage','C270',2,'O');
Insert into IU_LOCATION (ROOMID,BUILDING,ROOMNO,CAPACITY,ROOMTYPE) values (36,'Heritage','C271',1,'O');
Insert into IU_LOCATION (ROOMID,BUILDING,ROOMNO,CAPACITY,ROOMTYPE) values (37,'Heritage','D112',3,'O');
Insert into IU_LOCATION (ROOMID,BUILDING,ROOMNO,CAPACITY,ROOMTYPE) values (38,'Heritage','D113',3,'O');
Insert into IU_LOCATION (ROOMID,BUILDING,ROOMNO,CAPACITY,ROOMTYPE) values (41,'Heritage','B219',24,'L');
Insert into IU_LOCATION (ROOMID,BUILDING,ROOMNO,CAPACITY,ROOMTYPE) values (42,'Heritage','B221',24,'L');
Insert into IU_LOCATION (ROOMID,BUILDING,ROOMNO,CAPACITY,ROOMTYPE) values (43,'Heritage','B218',24,'L');
Insert into IU_LOCATION (ROOMID,BUILDING,ROOMNO,CAPACITY,ROOMTYPE) values (44,'Heritage','D207',30,'C');
-- INSERTING into IU_MAJOR
/* SET DEFINE OFF; */
Insert into IU_MAJOR (MAJORID,MAJORDESC) values (100,'AAS-Accounting');
Insert into IU_MAJOR (MAJORID,MAJORDESC) values (200,'AAS-Computer Science');
Insert into IU_MAJOR (MAJORID,MAJORDESC) values (300,'AAS-Telecommunications');
Insert into IU_MAJOR (MAJORID,MAJORDESC) values (400,'BS-Accounting');
Insert into IU_MAJOR (MAJORID,MAJORDESC) values (500,'BS-Computer Science');
Insert into IU_MAJOR (MAJORID,MAJORDESC) values (600,'BS-Telecommunications');
-- INSERTING into IU_REGISTRATION
/* SET DEFINE OFF; */
Insert into IU_REGISTRATION (STUDENTID,CSID,MIDTERM,FINAL,REGSTATUS) values ('00100',1101,'C','F','R');
Insert into IU_REGISTRATION (STUDENTID,CSID,MIDTERM,FINAL,REGSTATUS) values ('00100',1102,'B','B','R');
Insert into IU_REGISTRATION (STUDENTID,CSID,MIDTERM,FINAL,REGSTATUS) values ('00100',1104,'B','A','R');
Insert into IU_REGISTRATION (STUDENTID,CSID,MIDTERM,FINAL,REGSTATUS) values ('00101',1102,'F','D','R');
Insert into IU_REGISTRATION (STUDENTID,CSID,MIDTERM,FINAL,REGSTATUS) values ('00101',1103,'A','A','R');
Insert into IU_REGISTRATION (STUDENTID,CSID,MIDTERM,FINAL,REGSTATUS) values ('00103',1101,'F','W','W');
Insert into IU_REGISTRATION (STUDENTID,CSID,MIDTERM,FINAL,REGSTATUS) values ('00103',1104,'D','D','R');
Insert into IU_REGISTRATION (STUDENTID,CSID,MIDTERM,FINAL,REGSTATUS) values ('00100',1207,null,null,'X');
Insert into IU_REGISTRATION (STUDENTID,CSID,MIDTERM,FINAL,REGSTATUS) values ('00103',1206,null,null,'W');
Insert into IU_REGISTRATION (STUDENTID,CSID,MIDTERM,FINAL,REGSTATUS) values ('00104',1206,null,null,'X');
Insert into IU_REGISTRATION (STUDENTID,CSID,MIDTERM,FINAL,REGSTATUS) values ('00104',1207,null,null,'R');
Insert into IU_REGISTRATION (STUDENTID,CSID,MIDTERM,FINAL,REGSTATUS) values ('00104',1210,null,null,'R');
Insert into IU_REGISTRATION (STUDENTID,CSID,MIDTERM,FINAL,REGSTATUS) values ('00105',1208,null,null,'R');
Insert into IU_REGISTRATION (STUDENTID,CSID,MIDTERM,FINAL,REGSTATUS) values ('00105',1209,null,null,'X');
Insert into IU_REGISTRATION (STUDENTID,CSID,MIDTERM,FINAL,REGSTATUS) values ('00101',1205,null,null,'X');
Insert into IU_REGISTRATION (STUDENTID,CSID,MIDTERM,FINAL,REGSTATUS) values ('00102',1210,null,null,'R');
Insert into IU_REGISTRATION (STUDENTID,CSID,MIDTERM,FINAL,REGSTATUS) values ('00102',1207,null,null,'X');
Insert into IU_REGISTRATION (STUDENTID,CSID,MIDTERM,FINAL,REGSTATUS) values ('00102',1206,null,null,'R');
Insert into IU_REGISTRATION (STUDENTID,CSID,MIDTERM,FINAL,REGSTATUS) values ('00201',4301,'C','B','R');
Insert into IU_REGISTRATION (STUDENTID,CSID,MIDTERM,FINAL,REGSTATUS) values ('00201',4302,'B','C','R');
Insert into IU_REGISTRATION (STUDENTID,CSID,MIDTERM,FINAL,REGSTATUS) values ('00202',4301,'A','A','R');
Insert into IU_REGISTRATION (STUDENTID,CSID,MIDTERM,FINAL,REGSTATUS) values ('00202',4302,'A','A','R');
Insert into IU_REGISTRATION (STUDENTID,CSID,MIDTERM,FINAL,REGSTATUS) values ('00202',4303,'A','A','R');
-- INSERTING into IU_ROOM
/* SET DEFINE OFF; */
Insert into IU_ROOM (ROOMTYPE,ROOMDESC) values ('L','Lab');
Insert into IU_ROOM (ROOMTYPE,ROOMDESC) values ('C','Classroom');
Insert into IU_ROOM (ROOMTYPE,ROOMDESC) values ('O','Office');
-- INSERTING into IU_STUDENT
/* SET DEFINE OFF; */
Insert into IU_STUDENT (STUDENTID,LAST,FIRST,STREET,CITY,PROVINCE,POSTCODE,STARTTERM,BIRTHDATE,FACULTYID,MAJORID,PHONE) values ('00100','Diaz','Jose','1 Ford Avenue #7','Hill','QC','J8X8C3','WN16',convert(datetime,'02/12/1997',101),123,100,'9735551111');
Insert into IU_STUDENT (STUDENTID,LAST,FIRST,STREET,CITY,PROVINCE,POSTCODE,STARTTERM,BIRTHDATE,FACULTYID,MAJORID,PHONE) values ('00101','Tyler','Mickey','12 Morris Avenue','Bronx','ON','K1C4D8','FL16',convert(datetime,'03/18/1998',101),555,500,'7185552222');
Insert into IU_STUDENT (STUDENTID,LAST,FIRST,STREET,CITY,PROVINCE,POSTCODE,STARTTERM,BIRTHDATE,FACULTYID,MAJORID,PHONE) values ('00102','Patel','Rajesh','25 River Road #3','Edison','QC','J8Y8T7','WN16',convert(datetime,'12/12/1999',101),111,400,'7325553333');
Insert into IU_STUDENT (STUDENTID,LAST,FIRST,STREET,CITY,PROVINCE,POSTCODE,STARTTERM,BIRTHDATE,FACULTYID,MAJORID,PHONE) values ('00103','Rickles','Deborah','100 Main Street','Iselin','QC','J8T8Q8','FL16',convert(datetime,'10/20/1984',101),555,500,'7325554444');
Insert into IU_STUDENT (STUDENTID,LAST,FIRST,STREET,CITY,PROVINCE,POSTCODE,STARTTERM,BIRTHDATE,FACULTYID,MAJORID,PHONE) values ('00104','Lee','Brian','2845 First Lane','Hope','ON','K1J3Y3','WN16',convert(datetime,'11/28/1999',101),345,600,'2125555555');
Insert into IU_STUDENT (STUDENTID,LAST,FIRST,STREET,CITY,PROVINCE,POSTCODE,STARTTERM,BIRTHDATE,FACULTYID,MAJORID,PHONE) values ('00105','Khan','Amir','213 Broadway','Clifton','QC','J7R2P2','WN16',convert(datetime,'07/07/1998',101),222,200,'2015556666');
Insert into IU_STUDENT (STUDENTID,LAST,FIRST,STREET,CITY,PROVINCE,POSTCODE,STARTTERM,BIRTHDATE,FACULTYID,MAJORID,PHONE) values ('00106','Smith','Frances','210 Oak','Chelsea','QC','J0X1T0','WN17',convert(datetime,'08/01/1999',101),222,200,'8195556666');
Insert into IU_STUDENT (STUDENTID,LAST,FIRST,STREET,CITY,PROVINCE,POSTCODE,STARTTERM,BIRTHDATE,FACULTYID,MAJORID,PHONE) values ('00107','Jones','Fred','5 Mapleview','Gatineau','QC','J0X1T2','WN18',convert(datetime,'12/31/1999',101),555,500,'8195556667');
Insert into IU_STUDENT (STUDENTID,LAST,FIRST,STREET,CITY,PROVINCE,POSTCODE,STARTTERM,BIRTHDATE,FACULTYID,MAJORID,PHONE) values ('HR001','Student','One',null,null,null,null,'FL11',null,409,200,null);
Insert into IU_STUDENT (STUDENTID,LAST,FIRST,STREET,CITY,PROVINCE,POSTCODE,STARTTERM,BIRTHDATE,FACULTYID,MAJORID,PHONE) values ('HR002','Student','Two',null,null,null,null,'FL11',null,409,200,null);
Insert into IU_STUDENT (STUDENTID,LAST,FIRST,STREET,CITY,PROVINCE,POSTCODE,STARTTERM,BIRTHDATE,FACULTYID,MAJORID,PHONE) values ('HR003','Student','Three',null,null,null,null,'FL11',null,409,200,null);
Insert into IU_STUDENT (STUDENTID,LAST,FIRST,STREET,CITY,PROVINCE,POSTCODE,STARTTERM,BIRTHDATE,FACULTYID,MAJORID,PHONE) values ('00201','Hines','Fred','1 Cresthill','Gatineau','QC','J0X1T3','FL20',convert(datetime,'12/25/2002',101),408,500,'8195556668');
Insert into IU_STUDENT (STUDENTID,LAST,FIRST,STREET,CITY,PROVINCE,POSTCODE,STARTTERM,BIRTHDATE,FACULTYID,MAJORID,PHONE) values ('00202','French','Mary','5 Pinewood','Gatineau','QC','J0X1T4','FL20',convert(datetime,'11/01/2002',101),408,500,'8195556669');
-- INSERTING into IU_TERM
/* SET DEFINE OFF; */
Insert into IU_TERM (TERMID,TERMDESC,STARTDATE,ENDDATE) values ('FL02','Fall 2002',convert(datetime,'09/08/2002',101),convert(datetime,'12/20/2002',101));
Insert into IU_TERM (TERMID,TERMDESC,STARTDATE,ENDDATE) values ('WN03','Winter 2003',convert(datetime,'01/05/2003',101),convert(datetime,'04/18/2003',101));
Insert into IU_TERM (TERMID,TERMDESC,STARTDATE,ENDDATE) values ('SP03','Spring 2003',convert(datetime,'04/27/2003',101),convert(datetime,'08/15/2003',101));
Insert into IU_TERM (TERMID,TERMDESC,STARTDATE,ENDDATE) values ('FL03','Fall 2003',convert(datetime,'09/07/2003',101),convert(datetime,'12/19/2003',101));
Insert into IU_TERM (TERMID,TERMDESC,STARTDATE,ENDDATE) values ('FL11','Fall 2011',convert(datetime,'08/22/2011',101),convert(datetime,'12/19/2011',101));
Insert into IU_TERM (TERMID,TERMDESC,STARTDATE,ENDDATE) values ('WN16','Winter 2016',convert(datetime,'01/16/2016',101),convert(datetime,'05/27/2016',101));
Insert into IU_TERM (TERMID,TERMDESC,STARTDATE,ENDDATE) values ('FL12','Fall 2012',convert(datetime,'08/22/2012',101),convert(datetime,'12/19/2012',101));
Insert into IU_TERM (TERMID,TERMDESC,STARTDATE,ENDDATE) values ('FL16','Fall 2016',convert(datetime,'08/22/2016',101),convert(datetime,'12/19/2016',101));
Insert into IU_TERM (TERMID,TERMDESC,STARTDATE,ENDDATE) values ('WN17','Winter 2017',convert(datetime,'01/19/2017',101),convert(datetime,'05/26/2017',101));
Insert into IU_TERM (TERMID,TERMDESC,STARTDATE,ENDDATE) values ('FL17','Fall 2017',convert(datetime,'08/24/2017',101),convert(datetime,'12/21/2017',101));
Insert into IU_TERM (TERMID,TERMDESC,STARTDATE,ENDDATE) values ('WN18','Winter 2018',convert(datetime,'01/18/2018',101),convert(datetime,'05/24/2018',101));
Insert into IU_TERM (TERMID,TERMDESC,STARTDATE,ENDDATE) values ('FL18','Fall 2018',convert(datetime,'08/22/2018',101),convert(datetime,'12/21/2018',101));
Insert into IU_TERM (TERMID,TERMDESC,STARTDATE,ENDDATE) values ('WN19','Winter 2019',convert(datetime,'01/21/2019',101),convert(datetime,'05/17/2019',101));
Insert into IU_TERM (TERMID,TERMDESC,STARTDATE,ENDDATE) values ('FL19','Fall 2019',convert(datetime,'08/26/2019',101),convert(datetime,'12/20/2019',101));
Insert into IU_TERM (TERMID,TERMDESC,STARTDATE,ENDDATE) values ('WN20','Winter 2020',convert(datetime,'01/20/2020',101),convert(datetime,'05/13/2020',101));
Insert into IU_TERM (TERMID,TERMDESC,STARTDATE,ENDDATE) values ('FL20','Fall 2020',convert(datetime,'08/24/2020',101),convert(datetime,'12/23/2020',101));
Insert into IU_TERM (TERMID,TERMDESC,STARTDATE,ENDDATE) values ('WN21','Winter 2021',convert(datetime,'01/18/2021',101),convert(datetime,'05/14/2021',101));
Insert into IU_TERM (TERMID,TERMDESC,STARTDATE,ENDDATE) values ('FL21','Fall 2021',convert(datetime,'08/23/2021',101),convert(datetime,'12/10/2021',101));
Insert into IU_TERM (TERMID,TERMDESC,STARTDATE,ENDDATE) values ('WN22','Winter 2022',convert(datetime,'01/20/2022',101),convert(datetime,'05/13/2022',101));
-- INSERTING into NN_DEPT
/* SET DEFINE OFF; */
Insert into NN_DEPT (DEPTID,DEPTNAME,LOCATION,EMPLOYEEID) values (10,'Finance','Charlotte',123);
Insert into NN_DEPT (DEPTID,DEPTNAME,LOCATION,EMPLOYEEID) values (20,'InfoSys','New York',543);
Insert into NN_DEPT (DEPTID,DEPTNAME,LOCATION,EMPLOYEEID) values (30,'Sales','Woodbridge',135);
Insert into NN_DEPT (DEPTID,DEPTNAME,LOCATION,EMPLOYEEID) values (40,'Marketing','Los Angeles',246);
-- INSERTING into NN_EMPLEVEL
/* SET DEFINE OFF; */
Insert into NN_EMPLEVEL (LEVELNO,LOWSALARY,HIGHSALARY) values (1,1,25000);
Insert into NN_EMPLEVEL (LEVELNO,LOWSALARY,HIGHSALARY) values (2,25001,50000);
Insert into NN_EMPLEVEL (LEVELNO,LOWSALARY,HIGHSALARY) values (3,50001,100000);
Insert into NN_EMPLEVEL (LEVELNO,LOWSALARY,HIGHSALARY) values (4,100001,500000);


/* SET DEFINE OFF; */
Insert into NN_POSITION (POSITIONID,POSDESC) values (1,'President');
Insert into NN_POSITION (POSITIONID,POSDESC) values (2,'Manager');
Insert into NN_POSITION (POSITIONID,POSDESC) values (3,'Programmer');
Insert into NN_POSITION (POSITIONID,POSDESC) values (4,'Accountant');
Insert into NN_POSITION (POSITIONID,POSDESC) values (5,'Salesman');


INSERT INTO NN_QUALIFICATION VALUES (1, 'Doctorate');
INSERT INTO NN_QUALIFICATION VALUES (2, 'Masters');
INSERT INTO NN_QUALIFICATION VALUES (3, 'Bachelors');
INSERT INTO NN_QUALIFICATION VALUES (4, 'Associates');
INSERT INTO NN_QUALIFICATION VALUES (5, 'High School');

-- INSERTING into NN_EMPLOYEE
/* SET DEFINE OFF; */
Insert into NN_EMPLOYEE (EMPLOYEEID,LNAME,FNAME,POSITIONID,SUPERVISOR,HIREDATE,SALARY,COMMISSION,DEPTID,QUALID) values (111,'Smith','John',1,null,convert(datetime,'04/15/1974',101),265000,35000,10,1);
Insert into NN_EMPLOYEE (EMPLOYEEID,LNAME,FNAME,POSITIONID,SUPERVISOR,HIREDATE,SALARY,COMMISSION,DEPTID,QUALID) values (246,'Houston','Larry',2,111,convert(datetime,'05/19/1981',101),150000,10000,40,2);
Insert into NN_EMPLOYEE (EMPLOYEEID,LNAME,FNAME,POSITIONID,SUPERVISOR,HIREDATE,SALARY,COMMISSION,DEPTID,QUALID) values (123,'Roberts','Sandi',2,111,convert(datetime,'12/02/2005',101),75000,null,10,2);
Insert into NN_EMPLOYEE (EMPLOYEEID,LNAME,FNAME,POSITIONID,SUPERVISOR,HIREDATE,SALARY,COMMISSION,DEPTID,QUALID) values (433,'McCall','Alex',3,543,convert(datetime,'05/10/2011',101),66500,null,20,4);
Insert into NN_EMPLOYEE (EMPLOYEEID,LNAME,FNAME,POSITIONID,SUPERVISOR,HIREDATE,SALARY,COMMISSION,DEPTID,QUALID) values (543,'Dev','Derek',2,111,convert(datetime,'03/15/2009',101),80000,20000,20,1);
Insert into NN_EMPLOYEE (EMPLOYEEID,LNAME,FNAME,POSITIONID,SUPERVISOR,HIREDATE,SALARY,COMMISSION,DEPTID,QUALID) values (200,'Shaw','Jinku',5,135,convert(datetime,'01/03/2014',101),24500,3000,30,null);
Insert into NN_EMPLOYEE (EMPLOYEEID,LNAME,FNAME,POSITIONID,SUPERVISOR,HIREDATE,SALARY,COMMISSION,DEPTID,QUALID) values (135,'Garner','Stanley',2,111,convert(datetime,'02/28/2010',101),45000,5000,30,5);
Insert into NN_EMPLOYEE (EMPLOYEEID,LNAME,FNAME,POSITIONID,SUPERVISOR,HIREDATE,SALARY,COMMISSION,DEPTID,QUALID) values (222,'Chen','Sunny',4,123,convert(datetime,'08/15/2013',101),35000,null,10,3);
Insert into NN_EMPLOYEE (EMPLOYEEID,LNAME,FNAME,POSITIONID,SUPERVISOR,HIREDATE,SALARY,COMMISSION,DEPTID,QUALID) values (223,'King','Alexa',3,543,convert(datetime,'18/06/2001',101),32000,null,20,null);

-- INSERTING into NN_DEPENDENT
/* SET DEFINE OFF; */
Insert into NN_DEPENDENT (EMPLOYEEID,DEPENDENTID,DEPDOB,RELATION) values (543,1,convert(datetime,'09/28/1972',101),'Spouse');
Insert into NN_DEPENDENT (EMPLOYEEID,DEPENDENTID,DEPDOB,RELATION) values (543,2,convert(datetime,'10/14/2002',101),'Son');
Insert into NN_DEPENDENT (EMPLOYEEID,DEPENDENTID,DEPDOB,RELATION) values (200,1,convert(datetime,'06/10/1990',101),'Spouse');
Insert into NN_DEPENDENT (EMPLOYEEID,DEPENDENTID,DEPDOB,RELATION) values (222,1,convert(datetime,'02/04/1989',101),'Spouse');
Insert into NN_DEPENDENT (EMPLOYEEID,DEPENDENTID,DEPDOB,RELATION) values (222,2,convert(datetime,'08/23/2011',101),'Son');
Insert into NN_DEPENDENT (EMPLOYEEID,DEPENDENTID,DEPDOB,RELATION) values (222,3,convert(datetime,'07/10/2013',101),'Daughter');
Insert into NN_DEPENDENT (EMPLOYEEID,DEPENDENTID,DEPDOB,RELATION) values (111,1,convert(datetime,'12/12/1959',101),'Spouse');

-- SQLINES DEMO *** ------------------------------------
-- SQLINES DEMO *** _REGISTRATION_CSID_STUD_IDX
-- SQLINES DEMO *** ------------------------------------

  CREATE INDEX [IU_REGISTRATION_CSID_STUD_IDX] ON [IU_REGISTRATION] ([CSID], [STUDENTID]) 
   ;


-- SQLINES DEMO *** ------------------------------------
-- SQLINES DEMO *** S_C0047189
-- SQLINES DEMO *** ------------------------------------

  CREATE UNIQUE INDEX [SYS_C0047189] ON [IU_MAJOR] ([MAJORID]) 
   ;
-- SQLINES DEMO *** ------------------------------------
-- SQLINES DEMO *** RM_TERMID_PK
-- SQLINES DEMO *** ------------------------------------

  CREATE UNIQUE INDEX [TERM_TERMID_PK_2] ON [IU_TERM] ([TERMID]) 
   ;
-- SQLINES DEMO *** ------------------------------------
-- SQLINES DEMO *** CATION_ROOMID_PK
-- SQLINES DEMO *** ------------------------------------

  CREATE UNIQUE INDEX [LOCATION_ROOMID_PK_2] ON [IU_LOCATION] ([ROOMID]) 
   ;
-- SQLINES DEMO *** ------------------------------------
-- SQLINES DEMO *** OM_ROOMTYPE_PK
-- SQLINES DEMO *** ------------------------------------

  CREATE UNIQUE INDEX [ROOM_ROOMTYPE_PK_2] ON [IU_ROOM] ([ROOMTYPE]) 
   ;
-- SQLINES DEMO *** ------------------------------------
-- SQLINES DEMO *** _STUDENT_MAJORID_IDX
-- SQLINES DEMO *** ------------------------------------

  CREATE INDEX [IU_STUDENT_MAJORID_IDX] ON [IU_STUDENT] ([MAJORID]) 
   ;

-- SQLINES DEMO *** ------------------------------------
-- SQLINES DEMO *** URSE_COURSEID_PK
-- SQLINES DEMO *** ------------------------------------

  CREATE UNIQUE INDEX [COURSE_COURSEID_PK_2] ON [IU_COURSE] ([COURSEID]) 
   ;
-- SQLINES DEMO *** ------------------------------------
-- SQLINES DEMO *** _REGISTRATION_PK
-- SQLINES DEMO *** ------------------------------------

  CREATE UNIQUE INDEX [IU_REGISTRATION_PK_2] ON [IU_REGISTRATION] ([STUDENTID], [CSID]) 
   ;

-- SQLINES DEMO *** ------------------------------------
-- SQLINES DEMO *** _CRSSECTION_PK
-- SQLINES DEMO *** ------------------------------------

  CREATE UNIQUE INDEX [IU_CRSSECTION_PK_2] ON [IU_CRSSECTION] ([CSID]) 
   ;
-- SQLINES DEMO *** ------------------------------------
-- SQLINES DEMO *** CULTY_FACULTYID_PK
-- SQLINES DEMO *** ------------------------------------

  CREATE UNIQUE INDEX [FACULTY_FACULTYID_PK_2] ON [IU_FACULTY] ([FACULTYID]) 
   ;
-- SQLINES DEMO *** ------------------------------------
-- SQLINES DEMO *** S_C0047181
-- SQLINES DEMO *** ------------------------------------

  CREATE UNIQUE INDEX [SYS_C0047181] ON [IU_COURSE] ([TITLE]) 
   ;
-- SQLINES DEMO *** ------------------------------------
-- SQLINES DEMO *** _STUDENT_PK
-- SQLINES DEMO *** ------------------------------------

  CREATE UNIQUE INDEX [IU_STUDENT_PK_2] ON [IU_STUDENT] ([STUDENTID]) 
   ;
-- SQLINES DEMO *** ------------------------------------
-- SQLINES DEMO *** PARTMENT_DEPTID_PK
-- SQLINES DEMO *** ------------------------------------

  CREATE UNIQUE INDEX [DEPARTMENT_DEPTID_PK_2] ON [IU_DEPARTMENT] ([DEPTID]) 
   ;
-- SQLINES DEMO *** ------------------------------------
-- SQLINES DEMO *** Table IU_FACULTY
-- SQLINES DEMO *** ------------------------------------

  ALTER TABLE [IU_FACULTY] ADD CONSTRAINT [FACULTY_FACULTYID_PK] PRIMARY KEY ([FACULTYID])
   ;
 
  /* SQLines: Moved to CREATE TABLE
ALTER TABLE [IU_FACULTY] MODIFY ([NAME] NOT NULL ENABLE); */
-- SQLINES DEMO *** ------------------------------------
-- SQLINES DEMO *** Table IU_DEPARTMENT
-- SQLINES DEMO *** ------------------------------------

  ALTER TABLE [IU_DEPARTMENT] ADD CONSTRAINT [DEPARTMENT_DEPTID_PK] PRIMARY KEY ([DEPTID])
   ;
 
  /* SQLines: Moved to CREATE TABLE
ALTER TABLE [IU_DEPARTMENT] MODIFY ([DEPTNAME] NOT NULL ENABLE); */
-- SQLINES DEMO *** ------------------------------------
-- SQLINES DEMO *** Table IU_ROOM
-- SQLINES DEMO *** ------------------------------------

  ALTER TABLE [IU_ROOM] ADD CONSTRAINT [ROOM_ROOMTYPE_PK] PRIMARY KEY ([ROOMTYPE])
   ;
 
  /* SQLines: Moved to CREATE TABLE
ALTER TABLE [IU_ROOM] MODIFY ([ROOMDESC] NOT NULL ENABLE); */
-- SQLINES DEMO *** ------------------------------------
-- SQLINES DEMO *** Table IU_LOCATION
-- SQLINES DEMO *** ------------------------------------

  ALTER TABLE [IU_LOCATION] ADD CONSTRAINT [LOCATION_ROOMID_PK] PRIMARY KEY ([ROOMID])
   ;
 
  /* SQLines: Moved to CREATE TABLE
ALTER TABLE [IU_LOCATION] MODIFY ([BUILDING] NOT NULL ENABLE); */
 
  /* SQLines: Moved to CREATE TABLE
ALTER TABLE [IU_LOCATION] MODIFY ([ROOMNO] NOT NULL ENABLE); */

-- SQLINES DEMO *** ------------------------------------
-- SQLINES DEMO *** Table IU_CRSSECTION
-- SQLINES DEMO *** ------------------------------------

  ALTER TABLE [IU_CRSSECTION] ADD CONSTRAINT [IU_CRSSECTION_PK] PRIMARY KEY ([CSID])
   ;
 
  /* SQLines: Moved to CREATE TABLE
ALTER TABLE [IU_CRSSECTION] MODIFY ([COURSEID] NOT NULL ENABLE); */
 
  /* SQLines: Moved to CREATE TABLE
ALTER TABLE [IU_CRSSECTION] MODIFY ([SECTION] NOT NULL ENABLE); */
 
  /* SQLines: Moved to CREATE TABLE
ALTER TABLE [IU_CRSSECTION] MODIFY ([TERMID] NOT NULL ENABLE); */
 
  /* SQLines: Moved to CREATE TABLE
ALTER TABLE [IU_CRSSECTION] MODIFY ([CSID] NOT NULL ENABLE); */
-- SQLINES DEMO *** ------------------------------------
-- SQLINES DEMO *** Table IU_COURSE
-- SQLINES DEMO *** ------------------------------------

  ALTER TABLE [IU_COURSE] ADD CONSTRAINT [COURSE_COURSEID_PK] PRIMARY KEY ([COURSEID])
   ;
 
  ALTER TABLE [IU_COURSE] ADD CONSTRAINT [IU_HOMEWORK_HOURS_CK] CHECK (homework_hours <= lecture_hours + lab_hours);
 
  ALTER TABLE [IU_COURSE] ADD UNIQUE ([TITLE])
   ;

-- SQLINES DEMO *** ------------------------------------
-- SQLINES DEMO *** Table IU_MAJOR
-- SQLINES DEMO *** ------------------------------------

  ALTER TABLE [IU_MAJOR] ADD PRIMARY KEY ([MAJORID])
   ;

-- SQLINES DEMO *** ------------------------------------
-- SQLINES DEMO *** Table IU_REGISTRATION
-- SQLINES DEMO *** ------------------------------------

  ALTER TABLE [IU_REGISTRATION] ADD CONSTRAINT [IU_REGISTRATION_PK] PRIMARY KEY ([STUDENTID], [CSID])
   ;

-- SQLINES DEMO *** ------------------------------------
-- SQLINES DEMO *** Table IU_STUDENT
-- SQLINES DEMO *** ------------------------------------

  ALTER TABLE [IU_STUDENT] ADD CONSTRAINT [IU_STUDENT_PK] PRIMARY KEY ([STUDENTID])
   ;
 
  /* SQLines: Moved to CREATE TABLE
ALTER TABLE [IU_STUDENT] MODIFY ([LAST] NOT NULL ENABLE); */
 
  /* SQLines: Moved to CREATE TABLE
ALTER TABLE [IU_STUDENT] MODIFY ([FIRST] NOT NULL ENABLE); */
 
  /* SQLines: Moved to CREATE TABLE
ALTER TABLE [IU_STUDENT] MODIFY ([STUDENTID] NOT NULL ENABLE); */

-- SQLINES DEMO *** ------------------------------------
-- SQLINES DEMO *** Table IU_TERM
-- SQLINES DEMO *** ------------------------------------

  ALTER TABLE [IU_TERM] ADD CONSTRAINT [TERM_STARTDATE_CK] CHECK (startdate < enddate);
 
  ALTER TABLE [IU_TERM] ADD CONSTRAINT [TERM_TERMID_PK] PRIMARY KEY ([TERMID])
   ;
-- SQLINES DEMO *** ------------------------------------
-- SQLINES DEMO *** for Table IU_COURSE
-- SQLINES DEMO *** ------------------------------------

  ALTER TABLE [IU_COURSE] ADD CONSTRAINT [COURSE_PREREQ_FK] FOREIGN KEY ([PREREQ])
	  REFERENCES [IU_COURSE] ([COURSEID]);
 
  ALTER TABLE [IU_COURSE] ADD CONSTRAINT [IU_COURSE_DEPARTMENT_FK] FOREIGN KEY ([DEPTID])
	  REFERENCES [IU_DEPARTMENT] ([DEPTID]) ON DELETE CASCADE;
-- SQLINES DEMO *** ------------------------------------
-- SQLINES DEMO *** for Table IU_CRSSECTION
-- SQLINES DEMO *** ------------------------------------

  ALTER TABLE [IU_CRSSECTION] ADD CONSTRAINT [IU_CRSSECTION_COURSEID_FK] FOREIGN KEY ([COURSEID])
	  REFERENCES [IU_COURSE] ([COURSEID]);
 
  ALTER TABLE [IU_CRSSECTION] ADD CONSTRAINT [IU_CRSSECTION_FACULTYID_FK] FOREIGN KEY ([FACULTYID])
	  REFERENCES [IU_FACULTY] ([FACULTYID]);
 
  ALTER TABLE [IU_CRSSECTION] ADD CONSTRAINT [IU_CRSSECTION_ROOMID_FK] FOREIGN KEY ([ROOMID])
	  REFERENCES [IU_LOCATION] ([ROOMID]);
 
  ALTER TABLE [IU_CRSSECTION] ADD CONSTRAINT [IU_CRSSECTION_TERMID_FK] FOREIGN KEY ([TERMID])
	  REFERENCES [IU_TERM] ([TERMID]);
-- SQLINES DEMO *** ------------------------------------
-- SQLINES DEMO *** for Table IU_DEPARTMENT
-- SQLINES DEMO *** ------------------------------------

  ALTER TABLE [IU_DEPARTMENT] ADD CONSTRAINT [IU_DEPARTMENT_FACULTYID_FK] FOREIGN KEY ([FACULTYID])
	  REFERENCES [IU_FACULTY] ([FACULTYID]);
-- SQLINES DEMO *** ------------------------------------
-- SQLINES DEMO *** for Table IU_FACULTY
-- SQLINES DEMO *** ------------------------------------

  ALTER TABLE [IU_FACULTY] ADD CONSTRAINT [IU_FACULTY_DEPTID_FK] FOREIGN KEY ([DEPTID])
	  REFERENCES [IU_DEPARTMENT] ([DEPTID]);
 
  ALTER TABLE [IU_FACULTY] ADD CONSTRAINT [IU_FACULTY_ROOMID_FK] FOREIGN KEY ([ROOMID])
	  REFERENCES [IU_LOCATION] ([ROOMID]);
-- SQLINES DEMO *** ------------------------------------
-- SQLINES DEMO *** for Table IU_LOCATION
-- SQLINES DEMO *** ------------------------------------

  ALTER TABLE [IU_LOCATION] ADD CONSTRAINT [IU_LOCATION_ROOMTYPE_FK] FOREIGN KEY ([ROOMTYPE])
	  REFERENCES [IU_ROOM] ([ROOMTYPE]);
-- SQLINES DEMO *** ------------------------------------
-- SQLINES DEMO *** for Table IU_REGISTRATION
-- SQLINES DEMO *** ------------------------------------

  ALTER TABLE [IU_REGISTRATION] ADD CONSTRAINT [IU_REGISTRATION_CRSSECTION_FK] FOREIGN KEY ([CSID])
	  REFERENCES [IU_CRSSECTION] ([CSID]);
 
  ALTER TABLE [IU_REGISTRATION] ADD CONSTRAINT [IU_REGISTRATION_STUDENT_FK] FOREIGN KEY ([STUDENTID])
	  REFERENCES [IU_STUDENT] ([STUDENTID]);
-- SQLINES DEMO *** ------------------------------------
-- SQLINES DEMO *** for Table IU_STUDENT
-- SQLINES DEMO *** ------------------------------------

  ALTER TABLE [IU_STUDENT] ADD CONSTRAINT [IU_STUDENT_FACULTYID_FK] FOREIGN KEY ([FACULTYID])
	  REFERENCES [IU_FACULTY] ([FACULTYID]);
 
  ALTER TABLE [IU_STUDENT] ADD CONSTRAINT [IU_STUDENT_MAJORID_FK] FOREIGN KEY ([MAJORID])
	  REFERENCES [IU_MAJOR] ([MAJORID]);
 
  ALTER TABLE [IU_STUDENT] ADD CONSTRAINT [IU_STUDENT_TERMID_FK] FOREIGN KEY ([STARTTERM])
	  REFERENCES [IU_TERM] ([TERMID]);

-- SQLINES DEMO *** ------------------------------------
-- SQLINES DEMO *** _JOB_HISTORY
-- SQLINES DEMO *** ------------------------------------

  CREATE TABLE [NN_JOB_HISTORY] 
   (	[EMPLOYEEID] SMALLINT, 
	[DEPTID] SMALLINT, 
	[POSITIONID] SMALLINT, 
	[STARTDATE] DATETIME, 
	[ENDDATE] DATETIME, 
	[SALARY] INT
   )
   ;
-- INSERTING into NN_JOB_HISTORY
/* SET DEFINE OFF; */
Insert into NN_JOB_HISTORY (EMPLOYEEID,DEPTID,POSITIONID,STARTDATE,ENDDATE,SALARY) values (246,30,5,convert(datetime,'05/19/1987',101),convert(datetime,'08/31/1990',101),10000);
Insert into NN_JOB_HISTORY (EMPLOYEEID,DEPTID,POSITIONID,STARTDATE,ENDDATE,SALARY) values (246,40,5,convert(datetime,'08/31/1990',101),convert(datetime,'12/15/2002',101),40000);
